"Rate","density","recip","transTrip","cycle3","altX(alc)","egoX(alc)","sameX(smk)"
124,163,110,146,45,13.56,-5.43999999999998,119
107,152,94,96,22,51.24,20.24,99
107,154,94,90,31,49.48,23.48,98
136,161,86,72,18,29.32,15.32,104
119,152,98,117,34,18.24,16.24,97
126,187,122,151,49,16.44,2.44000000000003,133
117,164,102,87,27,35.68,12.68,108
110,149,90,87,29,15.88,16.88,104
108,145,84,86,26,6.40000000000002,-14.6,108
109,150,84,97,24,26,20,103
121,164,106,93,28,24.68,22.68,111
115,172,106,114,37,20.64,10.64,112
143,156,86,82,20,16.72,3.72000000000003,108
126,165,100,73,19,15.8,5.80000000000001,122
117,174,116,110,33,23.88,4.88000000000002,119
73,128,72,53,15,14.36,5.36000000000001,86
146,169,92,64,15,27.28,-3.71999999999998,118
129,146,86,73,25,30.52,22.52,88
116,151,88,86,26,20.12,22.12,115
99,154,98,103,29,28.48,19.48,103
121,156,80,67,15,31.72,17.72,111
106,163,92,102,30,10.56,22.56,114
109,158,92,98,26,25.96,-8.03999999999998,118
105,156,96,111,32,24.72,23.72,105
129,172,112,112,32,12.64,15.64,118
115,170,108,117,40,36.4,27.4,110
105,136,80,54,19,-4.67999999999999,-4.67999999999999,100
105,144,80,91,24,19.28,11.28,100
136,199,132,198,62,36.8800000000001,12.88,134
97,154,98,90,27,9.48000000000002,9.48,111
130,173,96,107,31,21.76,4.76000000000001,115
103,146,84,81,27,20.52,6.52000000000001,97
105,144,82,93,29,26.28,10.28,95
122,177,112,179,50,31.24,15.24,122
127,180,122,181,55,32.6,20.6,125
128,175,112,132,35,-3.99999999999998,-0.999999999999975,125
121,154,94,117,33,-3.51999999999998,-2.51999999999998,111
112,171,98,137,39,12.52,-3.47999999999997,115
107,150,96,81,25,32,19,103
101,152,96,71,21,20.24,12.24,103
119,170,106,84,27,2.40000000000002,-13.6,128
110,161,90,83,22,36.32,12.32,105
140,183,108,158,40,46.96,38.96,116
110,157,94,78,24,19.84,19.84,109
104,167,98,139,37,-0.959999999999981,1.04000000000002,118
102,131,68,61,13,-1.27999999999999,-3.27999999999999,103
111,136,80,45,14,16.32,20.32,94
109,138,78,68,18,31.56,8.56000000000002,102
113,160,88,93,19,17.2,3.20000000000002,118
115,168,106,107,33,13.16,14.16,127
129,162,88,98,29,31.44,7.44000000000001,109
118,173,108,138,39,9.76000000000002,-6.23999999999998,121
98,151,100,96,27,19.12,18.12,105
114,129,74,51,15,25.48,6.48000000000001,89
124,167,104,119,39,9.04000000000002,3.04000000000002,127
113,160,96,98,27,25.2,32.2,111
128,161,90,112,28,38.32,28.32,109
123,156,92,115,38,12.72,8.72000000000001,113
120,157,84,82,22,19.84,13.84,108
110,149,90,120,35,37.88,30.88,93
112,173,102,121,36,33.76,52.76,108
127,150,76,69,17,12,7.00000000000001,108
103,126,68,47,13,-2.87999999999999,-3.87999999999999,97
129,176,106,92,31,27.12,13.12,131
105,158,98,80,25,22.96,30.96,108
109,132,72,58,21,10.84,11.84,91
123,188,120,218,68,31.56,30.56,139
118,137,86,44,12,9.44000000000002,13.44,96
108,155,96,121,35,21.6,19.6,101
106,143,82,48,14,25.16,7.16000000000002,100
98,137,80,71,21,19.44,16.44,90
119,158,106,76,21,39.96,8.96000000000002,111
125,168,98,102,29,25.16,2.16000000000001,117
133,172,102,122,37,21.64,8.64000000000002,115
129,174,106,172,54,40.88,34.88,117
113,158,90,96,26,15.96,17.96,109
91,144,76,80,19,25.28,12.28,99
129,166,98,101,26,41.92,22.92,108
137,174,104,90,26,38.88,3.88000000000002,121
107,154,92,104,27,12.48,-4.51999999999999,104
123,158,92,88,27,10.96,-5.03999999999998,114
129,180,114,164,47,6.60000000000003,14.6,128
116,161,88,91,29,9.32000000000002,16.32,115
116,165,90,81,26,26.8,13.8,113
108,185,122,191,56,22.2,25.2,129
97,146,88,83,21,11.52,23.52,89
109,170,102,123,37,38.4,5.40000000000002,110
139,162,90,64,18,19.44,-7.55999999999997,116
134,167,94,133,38,30.04,18.04,121
125,158,86,95,28,36.96,15.96,107
128,161,88,99,31,29.32,21.32,112
98,135,72,50,14,14.2,10.2,91
121,148,80,81,20,14.76,4.76000000000001,105
121,150,90,76,22,20,13,109
119,152,76,60,14,25.24,3.24000000000001,106
146,179,108,128,38,28.48,26.48,123
134,165,96,103,24,-3.19999999999999,9.80000000000001,121
119,162,84,82,20,21.44,14.44,114
133,168,102,104,30,17.16,39.16,115
114,153,94,98,28,32.36,41.36,97
140,189,118,187,54,38.68,49.68,115
117,164,100,124,34,-0.319999999999985,4.68000000000002,113
111,136,82,74,26,16.32,22.32,94
95,164,114,119,37,39.68,12.68,108
121,164,86,116,33,24.68,19.68,113
114,145,86,85,22,34.4,32.4,91
111,156,92,102,31,23.72,-5.27999999999998,118
120,171,98,130,34,34.52,25.52,115
98,139,78,60,17,25.68,22.68,94
142,193,118,115,33,4.16000000000002,-0.839999999999982,130
131,184,116,115,30,36.08,23.08,121
128,199,120,191,51,50.88,27.88,141
125,188,114,147,44,43.56,17.56,118
122,171,100,116,34,3.52000000000002,-6.47999999999997,123
118,177,106,107,29,35.24,7.24000000000003,120
112,151,88,102,29,23.12,19.12,103
125,172,104,129,38,20.64,21.64,116
100,159,104,97,29,21.08,13.08,107
118,147,86,83,23,18.64,12.64,107
118,151,92,76,22,9.12000000000002,-13.88,106
113,150,96,92,28,21,5.00000000000001,102
119,152,78,102,25,44.24,17.24,100
128,163,106,88,27,18.56,3.56000000000002,120
124,145,90,62,19,27.4,12.4,103
142,155,94,90,27,19.6,-5.39999999999998,118
116,169,108,134,39,19.28,30.28,119
111,154,96,87,25,13.48,15.48,112
128,177,104,130,37,39.24,32.24,120
124,161,96,88,23,23.32,3.32000000000002,109
106,157,94,102,27,43.84,31.84,93
121,154,82,79,22,15.48,16.48,113
111,182,112,150,42,30.84,7.84000000000003,124
143,162,92,102,32,30.44,11.44,107
113,160,98,99,30,27.2,35.2,107
104,165,90,118,29,9.80000000000002,12.8,124
129,150,88,104,28,13,-4.99999999999998,106
120,157,78,81,22,18.84,13.84,103
119,146,84,86,22,32.52,3.52000000000002,100
134,165,88,89,23,22.8,-4.19999999999997,120
127,154,88,55,15,13.48,3.48000000000002,108
135,150,98,109,32,38,20,106
122,181,114,178,54,40.72,25.72,125
117,150,86,79,20,20,2.1316282072803e-14,108
122,161,90,79,22,28.32,-2.67999999999998,112
117,166,100,113,36,19.92,2.92000000000003,109
110,161,98,86,29,21.32,7.32000000000001,107
124,177,110,124,33,49.24,12.24,123
120,153,88,87,22,32.36,16.36,105
127,152,92,67,19,19.24,-5.75999999999998,108
118,175,118,148,47,22,12,121
106,143,84,61,19,27.16,12.16,96
118,157,104,108,30,22.84,5.84000000000002,117
118,143,80,59,17,28.16,17.16,98
120,149,88,76,23,18.88,4.88000000000001,110
108,159,106,116,38,29.08,32.08,111
107,160,90,89,23,16.2,34.2,107
102,141,86,75,23,22.92,11.92,95
108,151,92,71,18,22.12,18.12,99
115,180,110,126,38,31.6,15.6,127
112,167,104,105,33,7.04000000000002,3.04000000000003,117
124,165,100,79,22,17.8,7.80000000000001,117
118,167,108,87,23,15.04,15.04,120
104,165,108,113,35,22.8,30.8,108
117,162,94,86,24,21.44,10.44,107
96,163,110,122,40,29.56,16.56,106
117,158,100,70,22,25.96,-9.03999999999998,117
126,155,88,75,24,40.6,32.6,100
127,164,96,126,38,23.68,-8.31999999999998,120
122,171,106,131,37,25.52,27.52,120
90,135,76,54,15,13.2,-6.79999999999999,101
121,164,98,132,40,39.68,3.68000000000002,119
109,146,86,97,29,18.52,16.52,107
117,178,108,147,42,31.36,16.36,120
112,145,88,72,24,15.4,-7.59999999999999,103
126,151,80,55,16,-7.87999999999999,-6.87999999999999,116
134,169,102,122,35,31.28,32.28,119
109,142,82,73,22,19.04,13.04,102
105,158,80,116,30,34.96,16.96,101
129,170,94,150,42,54.4,48.4,108
112,155,84,86,25,13.6,-11.4,113
122,153,88,70,21,0.360000000000011,2.36000000000002,121
133,166,96,130,35,23.92,11.92,125
129,148,80,80,17,43.76,16.76,95
117,152,88,100,29,20.24,8.24000000000001,97
115,168,94,122,38,25.16,26.16,113
105,158,84,88,19,21.96,1.96000000000002,118
108,157,80,87,23,19.84,15.84,109
119,158,82,96,26,9.96000000000001,2.96000000000002,111
132,161,98,78,25,21.32,9.32000000000001,115
111,154,102,106,33,11.48,29.48,102
129,166,106,115,33,49.92,49.92,114
121,162,94,108,33,30.44,33.44,102
123,162,98,114,28,21.44,21.44,114
115,136,78,58,16,12.32,5.32000000000001,94
121,144,82,84,22,21.28,2.28000000000003,95
107,138,76,53,14,-2.43999999999998,-0.439999999999985,101
118,193,122,150,48,6.16000000000002,14.16,133
124,171,106,95,30,13.52,7.52000000000002,124
119,166,102,123,37,-0.0799999999999832,0.920000000000024,117
119,166,104,117,32,47.92,16.92,104
94,147,90,52,15,19.64,20.64,89
105,154,104,133,40,23.48,0.480000000000011,108
127,156,96,102,33,45.72,30.72,96
119,182,116,128,41,31.84,11.84,120
111,150,92,107,27,9.00000000000002,5.00000000000002,100
130,177,120,150,45,11.24,12.24,125
114,163,100,110,31,5.56000000000002,-2.43999999999998,117
114,131,70,64,21,27.72,25.72,82
104,149,86,97,30,31.88,13.88,97
126,149,80,114,33,27.88,20.88,108
118,151,80,70,19,7.12000000000002,-3.87999999999998,113
115,172,96,104,27,15.64,11.64,117
115,166,100,92,28,24.92,22.92,112
127,162,80,97,24,21.44,6.44000000000002,119
128,185,122,130,33,29.2,21.2,119
100,139,82,58,16,14.68,4.68000000000001,94
137,154,86,84,24,30.48,14.48,111
109,152,84,70,21,11.24,8.24000000000002,107
100,149,90,105,32,40.88,13.88,93
114,169,106,101,34,25.28,23.28,117
125,184,110,121,35,23.08,25.08,123
115,170,98,111,35,27.4,24.4,116
113,164,102,109,32,8.68000000000001,20.68,114
127,158,94,103,26,26.96,22.96,104
106,165,98,102,27,18.8,14.8,112
117,164,98,109,30,16.68,23.68,112
128,153,72,63,18,21.36,13.36,106
121,166,104,109,30,13.92,16.92,123
116,167,94,88,24,25.04,21.04,109
118,157,82,122,36,38.84,34.84,107
110,175,114,137,44,49,37,120
115,156,94,102,31,18.72,1.72000000000001,114
129,180,98,131,31,1.60000000000003,17.6000000000001,123
119,194,118,156,45,28.28,23.28,143
112,153,94,88,28,20.36,17.36,113
109,144,92,71,21,8.28000000000002,9.28000000000001,105
127,156,92,118,34,21.72,6.72000000000001,113
114,163,92,100,30,42.56,23.56,104
127,178,106,136,37,16.36,10.36,131
111,172,104,136,37,19.64,2.64000000000002,121
115,154,88,100,29,5.48000000000001,-8.51999999999998,117
128,169,96,98,27,26.28,22.28,118
125,162,100,100,31,50.44,12.44,98
135,168,102,81,22,20.16,15.16,118
120,175,110,125,39,59,29,114
124,173,110,100,30,16.76,10.76,125
113,174,104,107,32,22.88,3.88000000000001,123
120,161,86,71,16,28.32,-6.67999999999998,115
119,148,82,89,26,11.76,-1.23999999999998,104
118,177,120,225,69,19.24,9.24000000000003,124
131,180,104,163,40,25.6,21.6,129
118,157,92,116,31,12.84,-11.16,108
111,154,106,99,31,13.48,8.48000000000001,103
124,161,100,109,34,29.32,13.32,110
108,157,90,78,19,16.84,15.84,107
110,171,106,124,36,33.52,11.52,124
127,158,94,112,28,33.96,30.96,106
111,138,88,76,27,-13.44,2.56000000000001,102
116,163,104,106,34,13.56,22.56,115
120,163,106,89,27,12.56,0.560000000000029,123
123,180,98,91,26,41.6,17.6,112
114,171,106,138,40,38.52,15.52,114
116,165,90,92,21,8.80000000000001,15.8,119
104,155,82,96,25,52.6,22.6,99
120,145,80,79,26,10.4,13.4,99
115,152,92,74,21,6.24000000000002,11.24,98
107,152,84,71,20,31.24,17.24,103
118,163,86,69,19,40.56,18.56,103
118,171,96,143,43,44.52,14.52,113
140,185,108,139,40,57.2,34.2,119
122,163,76,88,18,27.56,29.56,113
104,151,88,65,17,20.12,-3.87999999999997,110
124,165,100,150,47,40.8,46.8,110
106,167,114,121,39,33.04,43.04,106
111,150,84,74,21,24,25,102
103,150,90,82,24,30,8.00000000000002,98
137,198,128,202,65,16.76,2.76000000000002,144
108,159,104,128,39,2.08000000000002,-2.91999999999998,119
117,174,110,84,27,29.88,3.88000000000003,115
104,151,94,84,26,19.12,26.12,106
106,157,86,92,24,34.84,11.84,104
108,147,98,64,20,2.64000000000002,12.64,99
128,155,92,99,28,29.6,20.6,106
143,192,120,220,65,35.04,-6.95999999999996,139
118,179,96,139,37,27.48,31.48,118
110,157,94,57,16,34.84,13.84,102
101,146,94,102,30,6.52000000000002,2.52000000000001,97
109,170,112,153,45,44.4,17.4,116
105,154,90,106,33,17.48,20.48,109
136,157,74,62,13,30.84,3.84000000000003,109
128,159,102,100,31,36.08,16.08,109
106,165,96,105,28,30.8,7.80000000000003,114
117,160,82,112,28,12.2,-17.8,115
123,174,110,118,34,54.88,35.88,114
95,132,90,39,12,22.84,6.84000000000002,85
114,141,86,69,20,27.92,29.92,97
115,156,82,86,21,20.72,25.72,100
117,166,102,92,29,31.92,11.92,112
101,146,88,112,36,23.52,6.52000000000002,102
112,151,96,87,26,9.12000000000001,3.12000000000001,109
122,159,90,115,33,2.08000000000002,-14.92,112
119,160,102,87,30,21.2,-8.79999999999999,117
130,155,78,95,25,10.6,8.60000000000003,110
113,158,98,82,18,26.96,11.96,113
120,181,112,127,41,17.72,0.720000000000029,129
119,152,94,75,25,25.24,21.24,107
120,119,68,59,17,23.28,11.28,82
107,152,86,77,21,18.24,0.240000000000014,104
114,149,92,75,26,-0.119999999999987,11.88,106
121,158,108,94,31,-0.0399999999999814,17.96,111
110,153,94,88,23,24.36,4.36000000000004,99
141,182,106,113,32,31.84,2.84000000000003,116
98,145,86,119,36,27.4,35.4,93
119,162,100,127,39,30.44,30.44,112
104,159,98,105,32,18.08,33.08,110
102,139,80,75,23,32.68,10.68,99
120,153,90,93,27,-2.63999999999998,-17.64,108
135,164,94,71,25,31.68,19.68,108
132,145,74,68,17,14.4,12.4,95
133,168,98,104,32,30.16,13.16,111
120,155,94,64,17,4.60000000000001,-1.39999999999998,111
109,132,90,75,20,28.84,27.84,90
111,166,100,104,30,5.92000000000002,-11.08,121
98,143,86,58,17,10.16,-3.83999999999998,102
111,148,86,58,21,17.76,-5.23999999999999,105
101,148,84,70,21,23.76,13.76,104
109,142,76,68,18,9.04000000000001,6.04000000000002,105
109,144,94,117,33,17.28,8.28000000000002,100
124,147,94,82,23,27.64,15.64,93
130,169,106,108,31,13.28,18.28,108
111,168,94,98,31,33.16,8.16000000000001,119
115,162,100,118,38,12.44,39.44,116
107,148,80,79,22,5.76000000000002,11.76,109
114,163,100,127,36,25.56,19.56,111
112,157,96,120,38,39.84,33.84,102
118,173,112,122,39,25.76,17.76,118
102,155,90,74,21,4.60000000000001,8.60000000000002,110
110,157,98,89,30,40.84,29.84,105
121,182,106,155,43,3.84000000000002,42.84,114
117,170,110,121,37,22.4,21.4,111
119,170,106,136,41,19.4,13.4,124
119,152,88,76,22,19.24,2.24000000000002,109
128,189,126,157,49,10.68,21.68,135
146,179,100,154,39,30.48,7.48000000000002,114
105,164,110,121,36,11.68,3.68000000000002,113
116,153,80,77,22,11.36,12.36,106
135,186,116,116,40,24.32,1.32000000000002,125
117,164,102,136,38,38.68,21.68,108
110,155,98,91,24,47.6,29.6,101
111,136,80,46,13,16.32,0.320000000000021,90
122,171,106,118,38,39.52,9.52000000000001,120
141,160,94,108,30,-20.8,-26.8,116
101,150,82,76,20,13,21,105
111,156,100,102,29,19.72,18.72,102
119,162,98,92,28,31.44,12.44,105
120,159,94,88,26,52.08,30.08,110
114,163,104,99,31,17.56,19.56,120
109,154,100,104,34,-4.51999999999999,-6.51999999999999,116
106,153,94,100,31,39.36,21.36,104
134,193,114,177,45,19.16,4.16000000000004,133
106,153,84,85,25,34.36,24.36,112
101,138,76,69,15,17.56,17.56,98
121,142,88,63,19,21.04,29.04,97
124,175,114,138,44,25,11,118
125,150,88,89,29,29,17,107
115,164,86,103,30,20.68,6.68000000000002,110
110,173,114,139,40,0.760000000000013,-4.23999999999998,130
99,158,100,66,19,4.96000000000002,4.96000000000003,111
113,154,88,123,40,2.48000000000002,19.48,105
117,156,90,102,28,28.72,25.72,107
118,165,98,105,34,10.8,23.8,114
107,156,96,124,40,40.72,19.72,103
125,178,100,146,38,24.36,13.36,114
121,150,92,85,22,20,3.00000000000002,111
105,172,102,135,38,19.64,-5.35999999999998,119
117,184,122,146,44,56.08,33.08,123
107,168,94,117,37,11.16,24.16,109
91,148,94,95,31,21.76,19.76,103
95,170,108,127,40,19.4,12.4,117
126,165,90,69,20,35.8,-6.19999999999996,113
117,156,84,57,19,15.72,-5.27999999999999,106
126,155,90,92,26,13.6,21.6,104
92,149,90,82,22,11.88,19.88,104
129,168,96,151,42,25.16,-0.839999999999977,126
114,143,92,79,21,5.16000000000002,-5.83999999999998,103
114,163,102,109,33,31.56,28.56,115
107,158,82,102,29,14.96,11.96,109
111,168,106,150,41,44.16,30.16,109
125,162,92,86,24,22.44,14.44,110
103,160,98,84,27,27.2,-3.79999999999997,109
108,151,92,99,29,23.12,12.12,102
117,176,108,149,47,43.12,37.12,125
115,174,96,133,43,21.88,6.88000000000002,129
119,144,80,50,14,35.28,9.28,94
126,147,84,44,11,16.64,4.64000000000002,104
100,153,98,102,32,22.36,13.36,105
115,158,96,96,27,19.96,4.96000000000003,113
116,147,90,63,20,22.64,6.64000000000001,101
108,145,82,97,30,9.40000000000002,1.40000000000003,102
101,158,96,103,31,39.96,31.96,113
125,158,96,84,22,21.96,7.96000000000003,111
120,151,92,67,20,15.12,12.12,104
117,176,116,149,45,-10.88,-3.87999999999997,120
112,173,96,120,31,-7.23999999999998,-20.24,126
112,145,88,53,17,29.4,12.4,102
125,146,84,63,17,26.52,8.52000000000003,103
114,169,104,131,37,11.28,6.28000000000004,124
108,161,98,122,35,24.32,25.32,100
110,155,72,80,25,18.6,27.6,109
120,139,78,73,22,13.68,-5.31999999999999,102
131,156,88,50,19,3.72000000000002,5.72000000000003,110
133,150,70,82,22,24,28,95
101,146,90,114,29,27.52,10.52,102
113,166,98,91,26,2.92000000000002,1.92000000000002,123
128,181,106,108,31,16.72,-17.28,125
123,168,110,78,24,5.16000000000003,4.16000000000002,125
113,126,80,56,16,8.12000000000002,0.120000000000014,93
115,156,94,90,28,20.72,6.72000000000003,103
118,161,106,126,43,25.32,13.32,106
121,178,94,119,33,22.36,17.36,129
134,157,84,79,21,28.84,-4.15999999999999,109
109,134,72,66,17,12.08,10.08,87
115,134,72,57,17,22.08,21.08,90
110,155,94,129,39,16.6,12.6,111
124,177,112,122,36,18.24,24.24,120
109,170,98,90,28,32.4,17.4,115
121,170,92,106,25,-4.59999999999998,3.40000000000002,125
101,160,110,108,35,1.20000000000002,-0.799999999999973,112
117,160,84,92,27,1.20000000000002,8.20000000000002,108
118,179,108,107,28,28.48,10.48,127
111,166,94,111,32,26.92,10.92,115
125,140,70,41,11,10.8,9.80000000000001,95
111,172,96,109,30,0.640000000000019,4.64000000000001,115
107,138,78,60,15,19.56,21.56,92
111,160,88,109,26,12.2,16.2,109
118,177,104,115,35,26.24,17.24,124
115,162,98,129,40,-6.55999999999998,8.44000000000002,120
102,153,98,87,28,6.36000000000002,6.36000000000002,105
125,170,102,134,38,12.4,-9.59999999999998,125
121,164,98,93,31,31.68,20.68,115
99,128,78,52,16,1.36000000000001,10.36,93
113,164,96,98,27,21.68,9.68000000000001,106
137,172,108,98,32,29.64,28.64,120
120,165,96,117,31,11.8,-16.2,125
94,141,94,71,23,-2.07999999999998,-11.08,106
111,168,106,116,38,34.16,27.16,107
130,163,94,115,32,35.56,18.56,115
99,142,94,64,18,-11.96,-11.96,102
110,167,104,87,28,6.04000000000002,4.04000000000001,121
107,152,96,99,28,23.24,27.24,102
125,162,94,114,31,26.44,12.44,112
123,176,110,175,47,16.12,-12.88,129
106,159,94,89,23,27.08,7.08000000000001,107
127,160,88,63,17,42.2,41.2,105
111,142,78,61,18,23.04,5.04000000000002,98
118,143,88,50,12,23.16,12.16,98
125,150,86,79,22,4.00000000000002,5.00000000000003,105
112,159,92,83,25,15.08,6.08000000000003,108
115,152,92,85,27,25.24,8.24000000000002,102
131,162,104,82,28,18.44,35.44,108
109,162,96,101,33,10.44,-3.55999999999996,115
117,160,102,98,31,14.2,17.2,112
115,142,82,98,29,42.04,29.04,95
132,167,88,102,22,23.04,31.04,114
110,183,100,168,40,2.96000000000002,3.96000000000003,137
110,161,78,121,34,30.32,25.32,109
115,162,102,107,30,20.44,20.44,114
109,154,90,84,23,31.48,15.48,99
131,182,104,96,32,17.84,20.84,130
123,152,86,89,22,45.24,21.24,104
120,161,102,108,29,7.32000000000001,11.32,110
122,177,100,123,35,25.24,14.24,124
108,161,106,107,30,13.32,8.32000000000002,109
107,158,96,86,27,23.96,-7.03999999999998,116
106,143,84,100,25,30.16,18.16,97
106,141,88,56,17,19.92,5.92000000000003,94
111,156,96,108,29,13.72,8.72000000000001,116
124,189,110,154,43,35.68,12.68,124
105,148,92,86,24,4.76000000000002,3.76000000000002,98
126,157,98,93,29,6.84000000000002,-10.16,126
116,149,80,56,17,32.88,25.88,106
94,143,80,81,24,43.16,26.16,97
116,163,102,83,27,25.56,9.56000000000002,118
109,138,80,98,32,28.56,15.56,82
112,159,104,95,26,-3.91999999999998,1.08000000000002,119
120,171,100,113,34,28.52,4.52000000000001,111
105,140,86,78,20,21.8,35.8,84
121,154,92,58,18,23.48,17.48,100
113,150,90,60,17,35,17,96
117,158,96,112,37,11.96,14.96,114
114,157,82,81,21,16.84,18.84,109
98,153,90,93,26,19.36,19.36,103
107,156,98,92,26,20.72,26.72,102
104,155,96,101,28,28.6,14.6,109
106,135,84,59,17,24.2,12.2,104
129,184,110,187,57,21.08,27.0800000000001,131
100,121,68,54,13,8.52000000000001,1.52000000000002,89
108,163,106,107,36,32.56,27.56,107
111,162,94,104,30,30.44,18.44,114
115,166,102,82,25,19.92,15.92,111
120,165,90,110,31,31.8,9.80000000000001,115
113,140,76,70,21,28.8,4.80000000000001,97
119,184,112,125,35,7.08000000000002,4.08000000000002,128
108,153,88,91,27,29.36,21.36,100
110,179,112,128,32,21.48,7.48000000000004,131
129,184,118,196,62,25.08,7.08000000000002,131
109,144,80,79,25,45.28,13.28,89
113,166,106,112,29,-1.07999999999999,19.92,118
113,166,108,132,38,44.92,15.92,104
116,169,106,161,46,16.28,5.28000000000003,108
113,144,84,69,21,41.28,15.28,102
110,147,84,64,17,16.64,-4.35999999999998,95
102,155,96,93,28,5.60000000000001,-6.39999999999997,110
107,158,104,88,30,45.96,20.96,98
118,179,102,138,34,22.48,15.48,115
137,174,108,101,30,11.88,10.88,112
117,152,78,88,18,31.24,11.24,112
111,144,90,99,28,30.28,19.28,96
114,141,76,69,18,28.92,15.92,97
133,154,92,75,20,20.48,5.48000000000002,104
88,153,90,99,28,21.36,22.36,96
109,164,92,147,40,21.68,23.68,112
128,175,98,155,45,25,4.00000000000003,125
118,163,92,121,31,30.56,19.56,118
119,144,82,76,20,30.28,17.28,97
118,165,108,124,38,9.80000000000001,17.8,111
115,152,78,79,16,13.24,-4.75999999999998,113
92,147,92,76,22,36.64,20.64,102
97,158,100,98,25,39.96,25.96,106
125,176,98,105,30,14.12,12.12,121
119,170,102,126,33,25.4,19.4,106
139,184,114,156,45,17.08,14.08,130
132,197,120,148,42,11.64,-6.35999999999997,134
120,163,92,104,28,0.560000000000021,-4.43999999999998,116
119,180,126,138,43,15.6,28.6,123
113,166,104,106,31,7.92000000000001,-3.07999999999999,116
88,145,84,87,20,11.4,2.40000000000001,102
116,153,86,104,30,24.36,-15.64,104
115,192,128,193,57,27.04,38.04,137
119,160,98,127,34,45.2,28.2,105
109,148,90,78,22,3.76000000000002,1.76000000000003,96
122,157,96,76,24,12.84,5.84000000000002,110
111,166,100,119,35,19.92,13.92,109
131,170,98,102,31,33.4,17.4,121
112,157,100,106,32,22.84,9.84000000000002,106
117,154,90,89,23,27.48,24.48,98
110,153,90,94,30,29.36,17.36,94
140,177,110,176,51,3.24000000000002,17.24,136
116,141,84,84,24,20.92,5.92000000000002,99
106,137,78,49,18,6.44000000000001,6.44000000000001,98
107,162,104,104,28,20.44,20.44,108
104,163,96,94,26,31.56,7.56000000000002,113
112,165,104,140,43,23.8,24.8,116
122,153,80,73,19,11.36,3.36000000000003,112
114,151,102,82,25,12.12,11.12,107
110,163,92,82,25,33.56,35.56,99
107,138,82,73,19,10.56,4.56000000000002,96
119,154,92,94,28,27.48,17.48,104
113,156,92,82,21,43.72,16.72,102
137,164,96,117,34,30.68,27.68,107
106,155,94,117,35,-2.39999999999998,4.60000000000002,116
114,157,104,115,35,42.84,23.84,106
93,136,64,69,18,11.32,13.32,104
115,164,102,132,39,19.68,12.68,126
100,161,106,78,22,22.32,27.32,112
125,158,96,92,27,13.96,16.96,111
145,192,120,154,42,24.04,11.04,135
114,157,92,99,31,8.84000000000002,-3.15999999999998,109
121,168,108,168,51,21.16,23.16,125
106,137,78,66,21,31.44,22.44,87
130,167,96,117,31,22.04,17.04,117
108,173,110,135,40,37.76,33.76,117
113,154,88,75,17,6.48000000000002,4.48000000000001,112
136,167,92,90,26,28.04,23.04,118
110,163,100,112,35,7.56000000000002,14.56,118
114,145,90,98,29,4.40000000000002,-0.599999999999981,107
113,158,100,81,25,31.96,20.96,107
120,165,90,115,32,14.8,18.8,118
125,148,84,74,24,16.76,9.76000000000002,104
105,158,104,121,35,15.96,26.96,104
130,173,112,108,29,5.76000000000002,21.76,120
109,140,96,77,25,6.80000000000003,11.8,105
118,161,100,84,23,21.32,5.32000000000001,113
121,146,80,65,18,0.520000000000012,-0.479999999999989,105
122,163,96,105,32,27.56,14.56,109
98,153,102,107,33,29.36,19.36,98
116,141,76,57,14,0.920000000000015,11.92,103
108,147,76,94,25,9.64000000000002,14.64,101
134,173,92,94,27,43.76,11.76,117
121,152,90,72,17,13.24,26.24,100
130,147,74,74,21,20.64,11.64,98
122,163,96,82,25,19.56,-1.43999999999999,115
107,140,72,106,28,28.8,10.8,97
96,129,76,59,18,36.48,24.48,84
110,169,102,139,45,34.28,11.28,117
104,161,102,107,28,31.32,-6.67999999999997,105
116,161,94,88,28,38.32,13.32,105
114,149,86,77,23,3.88000000000002,-2.11999999999998,106
125,172,96,110,33,24.64,19.64,120
113,144,82,59,15,14.28,10.28,99
114,151,88,90,25,40.12,34.1200000000001,97
129,182,110,127,34,31.84,8.84000000000001,129
103,146,86,94,25,8.52000000000001,13.52,105
111,162,96,78,22,-2.55999999999998,-2.55999999999997,113
122,157,98,76,21,24.84,-0.159999999999981,100
104,155,98,95,27,8.60000000000001,-0.399999999999982,102
108,151,86,69,20,31.12,11.12,111
99,160,90,101,27,4.20000000000003,-0.799999999999975,122
92,131,74,64,16,6.72000000000001,8.72000000000002,96
133,176,108,139,43,16.12,4.12000000000003,130
123,180,114,181,56,12.6,23.6,127
108,133,80,36,8,19.96,17.96,94
128,169,100,124,33,60.28,31.28,114
109,134,80,53,15,4.08000000000001,7.08000000000001,88
91,142,84,89,24,33.04,31.04,95
110,155,86,80,22,19.6,-4.39999999999997,103
110,145,76,92,23,12.4,-3.59999999999998,106
97,144,82,82,19,7.28000000000002,2.28000000000001,108
127,162,90,78,21,32.44,11.44,107
106,151,86,53,20,20.12,13.12,100
114,153,84,91,25,3.36000000000002,-4.63999999999998,105
127,168,102,130,38,12.16,9.16000000000003,106
110,155,84,100,27,17.6,14.6,105
116,173,100,119,32,33.76,11.76,129
127,190,118,213,63,49.8,17.8,136
119,174,118,165,50,15.88,10.88,127
126,171,96,136,40,23.52,20.52,118
129,158,92,75,24,0.960000000000016,6.96000000000003,120
95,160,106,90,26,24.2,14.2,111
125,172,114,183,54,27.64,13.64,119
95,144,92,80,25,7.28000000000002,-1.71999999999999,109
113,142,84,66,17,12.04,-1.95999999999998,97
118,165,104,107,28,13.8,-6.19999999999997,116
113,156,82,80,20,2.72000000000002,12.72,103
113,178,118,197,65,33.36,4.36000000000002,122
108,153,90,95,27,17.36,10.36,112
118,169,106,127,36,35.28,16.28,115
134,167,96,88,23,19.04,5.04000000000002,119
120,163,86,103,30,33.56,3.56000000000001,114
113,152,86,91,18,13.24,10.24,104
120,155,94,96,25,19.6,11.6,101
110,149,88,125,37,18.88,6.88000000000002,107
115,158,98,103,34,6.96000000000001,-3.03999999999998,114
140,171,100,117,33,15.52,34.52,116
129,172,102,170,48,45.64,29.64,128
105,140,90,65,20,14.8,4.80000000000002,97
95,134,84,59,17,2.08000000000002,6.08000000000002,94
98,145,82,78,19,13.4,0.400000000000016,103
115,182,116,162,47,17.84,15.84,128
114,159,92,87,25,32.08,14.08,105
120,173,104,129,37,2.76000000000002,-8.23999999999998,131
106,153,88,90,31,21.36,11.36,97
107,142,84,78,21,44.04,36.04,86
122,157,100,53,13,3.84000000000001,32.84,103
112,155,96,77,27,14.6,7.60000000000001,104
92,159,100,95,23,29.08,23.08,107
95,138,78,97,22,17.56,-12.44,103
103,146,84,90,28,-10.48,16.52,104
132,191,114,121,37,28.92,24.92,134
121,156,88,99,32,15.72,13.72,114
100,167,98,101,26,22.04,18.04,115
120,165,104,86,25,-0.199999999999985,-4.19999999999999,123
113,146,92,89,25,23.52,16.52,98
124,153,92,81,23,18.36,25.36,99
105,156,106,131,42,22.72,4.72000000000002,105
118,175,102,128,33,12,5.00000000000003,122
130,163,88,114,33,19.56,-3.43999999999998,108
110,167,94,96,30,8.04000000000003,4.04000000000002,112
103,148,88,101,27,13.76,4.76000000000003,110
126,157,78,103,31,42.84,25.84,98
106,153,88,70,20,-7.63999999999999,5.36000000000001,107
115,168,108,104,33,18.16,13.16,119
116,159,92,128,38,26.08,37.08,109
122,159,94,77,18,-2.91999999999998,-11.92,109
123,174,104,115,34,-13.12,-14.12,114
117,146,96,61,17,7.52000000000002,5.52000000000002,107
100,145,84,65,16,28.4,12.4,101
139,148,80,79,21,7.76000000000002,1.76000000000002,109
114,155,96,105,31,10.6,14.6,108
111,166,102,87,21,19.92,10.92,125
119,162,102,92,28,35.44,32.44,107
110,163,86,108,28,41.56,29.56,102
110,163,106,121,35,21.56,22.56,108
114,153,90,82,25,-3.63999999999998,-9.63999999999998,109
117,168,96,105,33,26.16,12.16,117
111,158,92,90,27,1.96000000000002,15.96,113
89,140,82,76,17,31.8,12.8,91
111,172,96,125,36,20.64,6.64000000000002,121
111,164,106,110,30,17.68,-11.32,117
135,176,96,137,38,38.1200000000001,38.1200000000001,123
126,183,114,136,35,22.96,11.96,127
119,146,84,82,26,22.52,26.52,101
112,157,84,85,23,0.840000000000017,-14.16,110
103,140,88,86,22,28.8,12.8,107
131,154,80,52,16,24.48,7.48000000000002,113
108,147,80,97,23,27.64,22.64,97
108,147,88,78,23,27.64,13.64,102
120,133,80,70,22,8.96000000000002,-6.03999999999998,104
109,158,90,108,30,8.96000000000002,-9.03999999999997,107
131,162,86,77,19,0.440000000000018,9.44000000000004,112
106,155,96,96,28,11.6,5.60000000000003,106
120,163,116,99,29,3.56000000000001,4.56000000000002,114
129,132,72,50,12,6.84000000000002,-8.15999999999998,99
100,167,102,134,39,37.04,26.04,111
110,165,114,120,37,7.80000000000003,-5.19999999999998,122
127,158,102,84,25,39.96,29.96,107
116,165,106,106,34,3.80000000000001,-7.19999999999998,114
126,173,104,105,32,30.76,11.76,118
93,140,82,90,27,33.8,30.8,93
120,147,76,53,16,18.64,1.64000000000002,102
117,154,96,83,26,33.48,11.48,111
108,153,84,92,29,36.36,23.36,101
125,172,108,131,42,38.64,20.64,122
118,169,90,101,26,11.28,0.280000000000019,118
107,162,96,89,23,53.44,27.44,102
107,154,94,110,29,32.48,28.48,93
112,171,100,123,35,17.52,19.52,119
114,149,104,116,40,27.88,14.88,104
139,200,120,171,42,48,16,134
112,155,82,72,20,20.6,4.60000000000002,120
99,142,86,102,30,3.04000000000001,-1.95999999999998,104
118,165,96,120,37,28.8,9.80000000000001,116
108,145,104,82,25,13.4,15.4,107
129,162,96,64,16,37.44,5.44000000000001,112
114,145,90,43,12,14.4,25.4,109
107,160,88,119,35,55.2,29.2,106
114,179,112,158,49,6.48000000000002,14.48,124
129,166,106,124,42,28.92,38.92,107
136,163,88,90,27,15.56,23.56,121
116,167,104,109,34,25.04,6.04000000000003,123
115,186,116,154,44,50.32,36.32,124
115,152,90,70,18,26.24,10.24,105
114,151,86,72,22,22.12,17.12,106
122,167,100,103,31,14.04,-0.95999999999998,109
116,165,104,86,28,2.80000000000002,-6.19999999999998,120
108,159,100,117,32,12.08,6.08000000000003,116
112,147,82,73,19,15.64,7.64000000000001,104
117,146,76,76,23,-0.479999999999985,22.52,106
110,151,88,94,26,28.12,9.12000000000002,108
111,160,90,100,25,51.2,10.2,107
121,162,100,109,32,15.44,0.440000000000034,102
121,144,86,61,21,46.28,18.28,97
118,161,98,103,30,21.32,-1.67999999999998,119
134,153,86,118,32,18.36,32.36,94
125,162,104,105,33,16.44,29.44,113
116,153,90,74,20,21.36,-18.64,111
127,158,98,89,28,2.96000000000002,12.96,117
104,137,74,61,18,19.44,13.44,95
116,153,96,76,20,30.36,25.36,98
103,146,94,82,25,21.52,21.52,98
112,151,100,87,27,-16.88,-20.88,120
114,167,88,102,27,25.04,-7.95999999999999,113
118,129,72,51,14,21.48,23.48,83
111,154,84,73,21,22.48,-0.519999999999983,110
130,171,98,110,29,28.52,-0.479999999999976,115
133,184,122,175,57,33.08,24.08,132
127,140,86,52,16,26.8,-10.2,109
127,172,106,126,36,32.64,15.64,115
102,157,88,77,21,29.84,0.84000000000002,96
110,153,92,93,26,5.36000000000002,4.36000000000002,111
121,160,92,72,24,33.2,33.2,102
127,164,88,70,18,26.68,12.68,102
116,161,98,82,24,25.32,7.32000000000002,107
130,171,100,128,37,31.52,41.52,110
141,194,126,211,62,45.28,25.28,121
107,154,100,95,31,6.48000000000001,11.48,102
113,162,98,94,27,17.44,-3.55999999999999,119
109,152,94,117,36,16.24,-8.75999999999997,114
118,147,80,98,33,4.64000000000002,5.64000000000002,105
112,159,94,87,26,33.08,28.08,104
112,163,102,87,30,28.56,13.56,120
111,158,92,92,22,33.96,27.96,103
120,155,98,99,28,27.6,9.60000000000001,114
120,167,100,132,37,13.04,3.04000000000001,116
125,168,106,144,48,11.16,-4.83999999999997,129
107,148,86,100,32,15.76,33.76,99
122,159,92,100,30,27.08,37.08,110
128,189,128,149,45,14.68,13.68,120
113,170,122,105,33,25.4,13.4,123
123,170,108,109,31,30.4,11.4,120
128,187,114,153,41,43.44,22.44,126
126,181,112,135,38,35.72,31.72,121
111,158,98,115,33,16.96,7.96000000000002,110
113,162,108,126,36,22.44,9.44000000000002,122
128,173,108,104,32,16.76,11.76,117
113,164,96,85,26,31.68,13.68,107
122,151,82,70,20,10.12,19.12,100
112,151,90,79,23,12.12,22.12,108
112,151,84,57,13,1.12000000000002,-30.88,113
137,174,112,118,34,20.88,-6.11999999999998,131
103,164,110,104,31,30.68,0.680000000000015,112
96,153,106,107,32,23.36,22.36,105
107,162,100,133,37,18.44,31.44,111
121,152,90,65,24,19.24,14.24,96
129,156,92,83,20,8.72000000000002,-4.27999999999998,122
102,147,96,74,24,30.64,13.64,93
122,143,68,71,15,29.16,25.16,97
106,143,84,117,36,27.16,21.16,106
98,143,82,70,21,19.16,22.16,96
113,170,102,120,30,18.4,21.4,108
118,143,78,58,11,19.16,7.16000000000001,102
111,134,90,71,19,18.08,12.08,102
130,179,118,140,40,28.48,8.48000000000002,125
114,161,90,99,23,17.32,40.32,102
102,155,96,60,16,30.6,15.6,110
106,179,112,132,40,29.48,13.48,125
113,168,100,80,21,17.16,16.16,110
116,165,102,94,29,25.8,10.8,113
120,165,116,123,39,38.8,30.8,104
112,135,70,33,7,11.2,-13.8,106
110,165,104,141,39,14.8,20.8,122
124,173,100,78,21,19.76,-5.23999999999998,125
119,178,118,152,43,3.36000000000002,24.36,133
117,176,106,146,41,39.12,5.12000000000002,115
131,172,100,104,29,14.64,8.64000000000002,132
114,137,66,61,19,10.44,10.44,100
110,149,74,60,16,19.88,1.88000000000002,104
127,178,102,140,34,41.36,29.36,129
104,147,84,71,21,10.64,-2.35999999999999,100
114,145,90,54,17,15.4,7.40000000000001,106
127,170,116,96,30,12.4,-2.59999999999998,123
101,150,88,89,26,15,13,96
106,157,90,79,20,31.84,19.84,106
116,169,108,74,22,33.28,22.28,109
111,146,84,80,23,39.52,23.52,92
110,147,86,65,17,15.64,16.64,105
115,166,106,188,60,2.92000000000001,-13.08,122
110,155,90,96,25,10.6,-2.39999999999998,106
109,158,98,89,28,3.96000000000002,27.96,102
118,145,90,67,19,11.4,6.40000000000002,108
109,136,76,65,22,20.32,14.32,94
117,172,104,117,33,39.64,19.64,107
108,135,84,49,15,17.2,22.2,83
121,168,104,116,32,17.16,13.16,120
109,152,98,105,32,37.24,23.24,99
121,130,66,55,16,14.6,2.60000000000002,82
117,146,88,143,45,28.52,-0.479999999999982,99
123,158,96,80,22,18.96,5.96000000000002,110
124,173,100,99,28,16.76,3.76000000000002,114
139,180,96,131,40,51.6,15.6,113
141,186,110,144,39,28.32,17.32,121
115,154,92,54,17,16.48,2.48000000000002,102
116,173,108,132,33,13.76,-23.24,130
102,159,92,112,32,36.08,27.08,104
115,166,96,93,28,17.92,2.92000000000002,121
133,158,90,94,26,17.96,11.96,113
130,157,92,90,30,13.84,-1.15999999999999,119
119,146,78,65,17,31.52,9.52000000000002,102
119,162,96,94,28,2.44000000000002,-3.55999999999998,115
142,169,92,108,28,12.28,18.28,122
113,144,72,98,27,16.28,3.28000000000001,102
115,184,134,207,64,35.08,16.08,122
105,150,94,123,35,36,35,105
105,156,94,97,28,45.72,28.72,97
91,148,86,114,32,34.76,21.76,93
118,177,122,157,48,17.24,0.240000000000011,129
112,151,84,91,33,16.12,9.12000000000002,105
108,129,60,59,13,8.48000000000002,7.48000000000001,87
99,138,86,61,21,11.56,11.56,100
124,163,100,100,33,20.56,1.56000000000003,118
115,154,86,83,26,23.48,9.48000000000002,109
117,184,120,181,54,-8.91999999999997,14.08,140
114,137,80,71,21,31.44,13.44,92
121,152,86,61,15,4.24000000000001,9.24000000000001,107
104,141,82,54,19,1.92000000000003,7.92000000000003,106
101,156,98,132,39,8.72000000000002,26.72,116
91,134,72,56,17,21.08,16.08,95
110,165,102,97,28,16.8,-2.19999999999998,116
113,160,102,88,30,8.20000000000002,-0.799999999999987,116
96,139,86,77,23,36.68,24.68,95
122,157,94,96,27,29.84,13.84,104
118,183,114,146,41,38.96,28.96,120
120,183,108,123,29,10.96,15.96,125
127,186,124,243,74,18.32,16.32,141
113,154,92,82,24,17.48,-15.52,100
100,121,68,39,10,12.52,-4.47999999999999,87
125,188,114,133,41,23.56,-11.44,123
113,158,98,85,24,23.96,-1.03999999999998,114
114,143,88,69,21,0.160000000000016,-3.83999999999998,101
115,148,82,81,27,26.76,24.76,101
121,160,110,116,33,13.2,-12.8,120
122,163,100,76,24,33.56,19.56,115
112,139,82,81,27,13.68,12.68,94
146,181,110,136,42,24.72,7.72000000000002,135
108,159,98,107,31,13.08,1.08000000000002,124
121,142,88,82,26,35.04,20.04,94
116,179,104,124,33,42.48,13.48,125
133,166,110,134,34,41.92,25.92,121
124,163,82,81,28,20.56,7.56000000000005,106
105,142,90,63,16,2.04000000000002,17.04,107
127,200,122,190,60,27,22,137
114,123,68,63,15,18.76,14.76,77
123,172,102,115,33,26.64,13.64,117
115,154,94,90,31,27.48,35.48,110
101,126,62,62,17,8.12000000000001,16.12,86
120,161,96,91,31,32.32,31.32,102
106,133,62,63,11,-1.03999999999999,-15.04,105
127,168,104,118,35,14.16,2.16000000000002,128
109,146,86,89,24,28.52,15.52,94
129,154,94,61,19,3.48000000000001,-7.51999999999998,110
122,173,96,122,31,25.76,4.76000000000003,121
127,168,106,151,44,21.16,-7.83999999999997,110
108,163,104,125,32,11.56,8.56000000000002,111
133,170,102,173,45,-12.6,-26.6,135
106,149,88,83,27,-3.11999999999999,0.880000000000015,111
110,167,110,110,33,14.04,3.04000000000001,117
124,167,96,84,22,25.04,13.04,115
110,153,90,69,24,6.36000000000002,28.36,99
104,153,82,72,22,3.36000000000002,11.36,104
110,161,90,112,32,-4.67999999999998,-6.67999999999997,119
119,172,114,153,45,21.64,26.64,113
130,165,102,129,44,34.8,38.8,109
133,170,102,96,28,28.4,23.4,106
120,161,94,81,27,17.32,14.32,112
112,167,104,110,32,26.04,14.04,114
128,151,94,51,13,6.12000000000002,-5.87999999999997,109
129,162,106,139,40,23.44,3.44000000000002,111
117,180,108,136,43,26.6,0.600000000000015,129
102,135,90,65,22,24.2,11.2,101
125,170,96,128,34,32.4,23.4,119
116,175,106,134,41,53,24,120
106,153,84,90,27,7.36000000000002,8.36000000000002,113
128,159,100,100,32,29.08,20.08,110
117,158,94,69,19,18.96,26.96,109
131,158,94,76,20,12.96,-5.03999999999998,116
102,159,94,91,24,16.08,15.08,107
130,151,86,84,26,-1.87999999999998,6.12000000000002,119
119,146,90,59,16,8.52000000000001,0.520000000000011,101
116,147,86,94,25,17.64,1.64000000000002,103
118,153,92,109,32,19.36,15.36,114
96,147,88,64,20,25.64,11.64,98
111,148,90,76,22,30.76,24.76,97
97,148,94,91,23,17.76,20.76,104
113,162,82,92,22,19.44,11.44,115
97,162,98,104,28,35.44,-2.55999999999997,104
119,156,96,69,21,8.72000000000002,9.72000000000002,109
105,152,104,138,46,33.24,25.24,108
118,153,76,84,22,37.36,10.36,105
117,158,78,91,24,16.96,-13.04,117
116,179,114,115,33,43.48,36.48,115
129,160,98,99,30,33.2,20.2,115
136,171,106,97,25,28.52,26.52,113
124,147,76,71,19,36.64,17.64,98
124,167,104,99,31,22.04,-1.95999999999997,116
122,153,90,84,23,1.36000000000002,9.36000000000003,111
117,132,76,56,15,7.84000000000001,0.840000000000015,94
107,142,80,68,20,11.04,18.04,100
119,160,94,102,29,15.2,3.20000000000001,116
132,167,92,118,32,26.04,27.04,105
118,163,100,104,31,36.56,32.56,107
102,159,96,102,28,17.08,14.08,108
108,133,82,46,13,28.96,9.96000000000003,86
127,160,104,104,32,37.2,27.2,106
113,150,90,81,23,27,13,101
135,188,120,149,39,41.56,19.56,127
115,168,94,108,28,13.16,7.16000000000003,118
113,154,92,97,30,29.48,1.48000000000002,101
96,143,88,81,25,32.16,7.16000000000002,102
111,176,114,167,49,-4.87999999999998,13.12,122
123,162,88,89,19,24.44,11.44,108
106,149,88,98,30,8.88000000000001,15.88,107
112,145,84,78,20,45.4,47.4,87
116,151,88,84,26,14.12,-8.87999999999998,113
103,144,84,78,23,27.28,21.28,88
123,164,102,110,30,7.68000000000002,2.68000000000002,115
112,169,112,146,48,16.28,6.28000000000002,122
104,155,86,105,25,-7.39999999999998,-1.39999999999997,110
107,154,84,102,28,26.48,4.48000000000001,106
120,155,86,76,22,8.60000000000002,13.6,110
112,149,92,69,22,39.88,50.88,94
116,139,84,73,17,11.68,9.68000000000002,100
113,160,118,110,34,19.2,17.2,118
124,149,84,76,22,11.88,3.88000000000002,105
113,182,118,177,52,21.84,16.84,123
101,148,94,89,28,9.76000000000003,2.76000000000002,106
107,172,94,103,26,32.64,6.64000000000002,125
112,163,106,84,25,14.56,19.56,122
109,162,100,94,27,44.44,29.44,109
112,137,78,63,19,-8.55999999999999,-6.55999999999998,104
107,176,106,129,38,17.12,25.12,116
125,160,90,94,26,8.20000000000002,-6.79999999999998,119
126,161,90,67,18,19.32,-1.67999999999999,113
110,145,86,81,24,9.40000000000001,7.40000000000001,106
120,157,102,113,38,36.84,29.84,99
112,161,100,97,29,23.32,7.32000000000002,118
121,180,112,156,48,4.60000000000002,14.6,130
125,154,86,94,21,34.48,7.48000000000001,108
108,135,82,93,30,26.2,28.2,87
84,137,82,62,17,14.44,-4.55999999999999,100
115,154,94,93,29,14.48,16.48,110
128,157,96,81,23,26.84,22.84,109
125,182,102,134,36,33.84,21.84,114
96,143,96,69,23,34.16,21.16,101
117,172,104,139,45,42.64,22.64,117
124,153,82,80,21,21.36,34.36,101
115,152,76,60,18,40.24,18.24,97
117,150,88,89,30,17,8.00000000000002,105
112,165,96,91,29,8.80000000000001,-4.19999999999998,124
107,148,88,59,17,-0.239999999999974,8.76000000000003,110
107,168,100,119,39,38.16,1.16000000000002,111
127,186,112,145,41,13.32,8.32000000000002,139
108,157,96,85,24,25.84,14.84,107
122,173,100,118,38,3.76000000000001,7.76000000000003,128
118,169,102,133,35,42.28,38.28,117
130,155,80,73,15,-1.39999999999999,14.6,112
109,162,108,110,33,10.44,8.44000000000002,114
129,162,104,96,30,22.44,20.44,114
109,160,100,93,26,27.2,20.2,106
116,143,78,55,16,37.16,11.16,92
119,156,88,90,24,33.72,14.72,100
143,162,78,83,18,13.44,-2.55999999999999,112
106,153,98,98,27,17.36,13.36,104
114,155,102,96,30,18.6,26.6,102
93,138,80,85,24,26.56,13.56,93
113,148,80,90,26,15.76,11.76,99
113,144,84,70,21,38.28,12.28,103
112,177,108,96,31,1.24000000000002,36.24,122
115,148,94,74,22,1.76000000000003,1.76000000000002,107
107,156,88,91,26,16.72,7.72000000000002,111
115,154,100,66,18,10.48,9.48000000000003,117
134,175,96,131,35,39,6.00000000000002,127
112,161,98,112,34,41.32,30.32,106
115,142,80,49,13,34.04,-2.95999999999999,99
122,147,82,88,21,17.64,25.64,104
121,134,74,36,11,4.08000000000002,-2.91999999999998,93
113,168,112,104,28,27.16,41.16,112
116,159,100,79,22,6.08000000000002,-7.91999999999998,114
119,150,82,63,16,9.00000000000002,1.00000000000004,104
109,162,110,125,37,25.44,18.44,121
101,162,106,123,36,41.44,32.44,106
143,184,104,114,37,24.08,14.08,128
114,171,102,122,37,35.52,43.52,113
122,159,92,89,27,21.08,21.08,108
118,151,84,66,20,19.12,8.12000000000001,108
104,147,92,80,24,-2.35999999999999,-7.35999999999997,104
106,157,96,96,31,-1.15999999999998,-18.16,109
112,157,88,92,28,7.84000000000001,28.84,104
141,182,116,101,29,7.84000000000001,-4.15999999999998,131
108,139,86,63,18,14.68,6.68000000000001,98
113,154,96,92,26,7.48000000000001,18.48,111
115,164,110,115,31,-6.31999999999999,-10.32,117
133,182,106,136,40,37.84,29.84,125
93,140,90,110,36,31.8,16.8,101
115,144,80,53,15,19.28,10.28,102
109,170,102,129,32,20.4,17.4,129
103,158,94,113,29,23.96,6.96000000000002,103
108,155,90,82,25,5.60000000000002,6.60000000000002,101
111,166,104,120,40,10.92,7.92000000000002,117
115,172,114,106,32,18.64,5.64000000000002,117
115,156,90,88,25,18.72,22.72,102
127,160,82,103,28,17.2,13.2,112
133,162,90,99,29,14.44,20.44,111
127,162,88,98,24,22.44,8.44000000000003,113
123,158,84,67,16,23.96,25.96,104
125,146,86,67,20,8.52000000000001,10.52,100
117,158,96,107,28,21.96,0.960000000000031,100
123,158,94,111,34,30.96,30.96,100
106,155,102,138,41,6.60000000000002,-12.4,116
99,132,86,62,18,12.84,2.84000000000001,90
120,179,108,84,26,-6.51999999999998,13.48,125
136,173,90,143,38,7.76000000000002,30.76,125
114,131,74,59,17,26.72,20.72,96
127,152,92,106,31,-5.75999999999998,-12.76,115
113,162,106,103,30,19.44,5.44000000000002,119
116,163,88,100,28,13.56,14.56,113
88,123,66,41,11,15.76,15.76,84
120,153,102,115,34,-0.639999999999987,6.36000000000001,108
119,172,106,107,33,27.64,0.640000000000028,122
107,152,86,76,24,27.24,10.24,100
115,176,112,180,58,30.12,37.12,127
119,164,94,106,27,16.68,2.68000000000002,122
125,154,84,75,19,8.48000000000001,18.48,109
134,187,108,153,46,53.44,23.44,118
116,175,106,142,39,-6.99999999999998,2.22044604925031e-14,128
115,160,104,200,64,20.2,14.2,116
106,153,100,88,26,40.36,30.36,97
134,171,94,73,20,45.52,1.52000000000003,120
135,168,108,118,33,49.16,25.16,110
120,155,92,84,24,13.6,19.6,104
112,163,102,96,33,0.56000000000002,3.56000000000003,125
111,170,92,122,36,41.4,20.4,111
125,168,112,105,32,3.16000000000002,8.16000000000002,126
120,167,98,124,37,10.04,14.04,123
101,154,92,104,32,32.48,17.48,107
123,174,100,136,40,35.88,27.88,112
110,147,84,74,24,26.64,1.64000000000002,98
130,171,110,126,43,24.52,26.52,113
122,175,102,129,38,4.00000000000001,17,123
121,152,80,82,21,36.24,6.24000000000004,97
113,174,108,99,31,-17.12,-19.12,135
122,171,110,92,27,30.52,19.52,114
118,173,104,132,37,42.76,21.76,112
127,168,98,114,35,27.16,6.16000000000001,115
95,144,76,67,15,4.28000000000001,3.28000000000001,100
123,166,100,115,34,26.92,42.92,114
115,168,100,120,30,27.16,31.16,119
123,170,96,96,29,42.4,8.40000000000003,108
118,159,96,93,26,-14.92,12.08,119
111,174,116,188,57,-3.11999999999998,1.88000000000002,125
131,172,96,124,37,35.64,20.64,119
115,168,112,110,33,-8.83999999999998,-7.83999999999997,130
116,161,106,112,31,20.32,29.32,108
114,147,88,74,20,2.64000000000002,-9.35999999999999,111
116,147,84,93,26,-0.359999999999973,-14.36,103
123,166,104,80,24,3.92000000000002,24.92,116
113,166,110,115,30,30.92,14.92,112
100,139,82,87,28,15.68,5.68000000000001,100
110,165,110,96,27,21.8,17.8,114
105,150,88,99,25,21,-1.99999999999998,109
121,152,104,92,30,19.24,15.24,109
131,164,106,88,25,23.68,19.68,115
127,148,76,66,18,23.76,-21.24,100
108,141,80,65,16,10.92,12.92,99
114,169,102,126,39,25.28,34.28,108
122,159,90,104,29,10.08,16.08,103
111,164,98,100,30,30.68,13.68,109
115,156,92,99,29,17.72,-9.27999999999998,109
127,164,92,90,27,3.68000000000002,16.68,119
98,149,92,78,23,14.88,1.88000000000002,102
126,191,124,174,51,11.92,7.92000000000003,134
119,172,106,95,22,4.64000000000003,-9.35999999999996,127
119,158,98,64,23,38.96,20.96,104
123,186,124,151,49,10.32,16.32,126
108,133,82,56,19,16.96,7.96000000000001,97
105,144,78,56,15,37.28,2.28000000000002,93
123,160,88,68,19,17.2,14.2,108
118,161,96,93,29,32.32,22.32,109
112,135,76,56,17,-1.79999999999999,-7.79999999999999,102
103,162,96,101,29,22.44,-5.55999999999998,104
124,157,82,100,32,40.84,14.84,106
116,171,106,110,34,30.52,25.52,111
117,174,106,119,33,36.88,18.88,110
126,143,88,48,16,9.16000000000001,-7.83999999999998,106
127,184,116,153,39,42.08,30.08,128
109,148,88,86,21,30.76,31.76,85
119,158,98,99,27,36.96,39.96,111
108,143,86,83,24,17.16,23.16,92
122,165,100,111,28,51.8,20.8,109
105,154,96,114,32,17.48,4.48000000000002,104
135,178,116,128,37,21.36,7.36000000000003,130
134,185,108,114,35,25.2,5.20000000000002,135
117,162,92,107,32,32.44,27.44,93
109,182,104,122,34,3.84000000000002,5.84000000000002,128
109,156,92,105,30,-9.27999999999998,8.72000000000002,115
113,156,100,115,34,34.72,18.72,109
107,164,98,123,34,41.68,17.68,108
99,150,92,106,30,28,29,96
115,152,92,102,32,30.24,20.24,102
103,148,90,86,24,5.76000000000002,-6.23999999999999,107
125,172,110,102,31,22.64,20.64,114
117,150,80,83,25,18,19,95
132,175,106,101,25,36,-14,126
113,168,104,138,43,29.16,-1.83999999999997,114
105,166,106,125,33,5.92000000000002,15.92,124
105,172,108,103,33,30.64,21.64,118
121,166,100,123,35,11.92,4.92000000000001,114
120,153,104,86,27,14.36,11.36,106
117,164,90,141,36,39.68,18.68,107
121,154,94,88,28,20.48,-0.519999999999978,106
109,150,94,76,23,30,14,106
110,135,80,74,22,9.20000000000002,-8.79999999999999,97
98,149,100,110,35,26.88,26.88,97
130,183,110,192,59,28.96,14.96,133
109,158,96,104,24,10.96,13.96,113
111,132,70,70,17,12.84,5.84000000000001,96
102,153,90,71,20,9.36000000000001,20.36,105
119,152,94,81,26,0.240000000000016,-13.76,106
115,160,102,106,32,29.2,7.20000000000002,115
107,148,94,93,26,16.76,-4.23999999999998,107
122,177,104,125,42,7.24000000000002,13.24,120
108,161,94,87,26,17.32,-6.67999999999998,115
118,161,102,107,32,15.32,27.32,112
120,141,90,94,29,10.92,-19.08,108
117,156,92,75,24,24.72,17.72,113
120,157,86,71,21,17.84,12.84,106
105,170,96,122,32,11.4,23.4,119
105,162,104,101,30,24.44,26.44,123
114,155,94,98,25,46.6,26.6,99
92,159,118,188,57,4.08000000000002,-0.919999999999976,111
118,179,106,115,38,49.48,21.48,108
116,141,74,74,20,15.92,-3.07999999999999,101
122,163,90,92,24,37.56,22.56,106
109,144,64,67,18,34.28,-2.71999999999999,96
118,159,98,105,29,9.08000000000002,12.08,115
108,145,90,93,24,22.4,20.4,102
108,141,94,78,21,32.92,20.92,104
118,171,112,124,36,31.52,35.52,110
103,150,74,95,25,26,17,107
123,168,90,117,34,6.16000000000002,-4.83999999999998,118
107,172,112,127,38,41.64,20.64,110
122,185,116,135,37,46.2,29.2,104
131,174,96,102,27,22.88,12.88,125
114,159,92,97,27,5.08000000000002,21.08,108
101,152,98,90,27,0.240000000000016,11.24,110
120,155,88,83,22,40.6,14.6,111
123,182,134,119,36,34.84,14.84,123
122,145,76,68,17,20.4,2.40000000000002,95
117,164,108,95,29,28.68,11.68,121
141,176,110,153,45,-0.879999999999979,-8.87999999999997,132
123,158,96,117,34,42.96,18.96,113
111,136,64,57,15,25.32,20.32,93
119,150,86,70,19,14,14,99
113,142,72,68,21,26.04,15.04,91
98,149,92,89,29,18.88,18.88,98
107,164,106,115,35,37.68,38.68,109
131,178,102,135,39,16.36,-0.639999999999974,111
112,161,100,92,24,22.32,-1.67999999999998,107
122,175,112,124,35,11,6.00000000000002,122
111,166,108,110,32,30.92,3.92000000000003,113
118,153,78,60,14,18.36,17.36,108
125,172,104,87,24,21.64,13.64,118
119,170,104,157,50,51.4,31.4,112
109,140,78,92,31,13.8,8.80000000000001,104
121,154,88,77,25,8.48000000000001,2.48000000000002,102
130,167,102,102,32,-2.95999999999998,2.04000000000003,116
100,151,90,70,15,-10.88,-31.88,114
120,159,98,123,30,41.08,26.08,98
121,160,88,105,30,39.2,34.2,100
109,144,82,87,24,16.28,5.28000000000002,106
105,160,92,110,31,17.2,-11.8,106
115,168,100,130,36,47.16,29.16,116
111,152,90,72,23,39.24,28.24,93
98,157,96,68,19,39.84,30.84,104
109,162,92,91,21,21.44,-14.56,112
135,174,114,120,35,30.88,34.88,122
113,154,96,138,44,39.48,17.48,99
124,145,94,92,27,12.4,6.40000000000002,101
124,159,88,85,25,26.08,14.08,105
114,143,84,75,20,19.16,8.16000000000002,99
120,133,78,50,16,29.96,18.96,89
119,140,76,61,18,27.8,8.80000000000001,96
126,181,116,149,45,27.72,15.72,127
117,154,98,98,30,27.48,8.48000000000003,110
112,151,94,90,25,20.12,17.12,101
126,165,98,166,48,26.8,24.8,123
126,179,112,158,48,18.48,22.48,121
103,142,80,88,23,13.04,10.04,101
121,134,76,63,15,2.08000000000001,5.08000000000002,97
115,140,74,34,11,14.8,-5.19999999999999,97
109,156,88,98,28,27.72,20.72,105
117,142,74,71,22,38.04,11.04,94
116,151,90,86,28,37.12,14.12,91
115,162,94,90,28,6.44000000000002,-0.559999999999981,113
109,146,100,116,33,22.52,16.52,108
119,180,108,106,25,39.6,-0.399999999999975,124
99,134,80,65,18,-9.91999999999998,-6.91999999999998,100
97,148,88,75,21,26.76,10.76,99
118,133,78,52,15,17.96,7.96000000000002,90
126,171,102,100,28,38.52,4.52000000000002,110
112,159,98,107,32,37.08,21.08,96
116,157,92,101,27,36.84,1.84000000000001,110
112,143,78,73,21,-2.83999999999998,0.160000000000012,98
132,157,84,95,25,-13.16,-7.15999999999998,110
107,158,92,99,29,30.96,33.96,105
121,158,90,82,25,16.96,4.96000000000002,113
98,165,104,115,37,24.8,13.8,117
122,167,102,127,36,43.04,22.04,115
113,158,96,99,28,4.96000000000002,13.96,114
110,155,100,78,23,27.6,17.6,107
101,134,80,50,15,35.08,24.08,91
117,150,100,90,27,1.68753899743024e-14,1.86517468137026e-14,112
118,149,94,96,29,28.88,49.88,96
129,164,102,151,46,7.68000000000001,11.68,111
105,158,94,87,23,42.96,7.96000000000002,106
116,167,98,101,25,29.04,27.04,116
109,146,86,79,23,21.52,4.52000000000002,108
109,136,80,72,25,19.32,5.32000000000002,101
116,157,86,67,17,31.84,3.84000000000001,119
139,174,98,95,24,17.88,2.88000000000002,113
112,141,68,55,17,10.92,10.92,93
110,145,78,52,14,22.4,6.40000000000003,99
119,138,76,52,14,0.560000000000007,-5.43999999999999,108
126,165,84,82,24,28.8,19.8,104
118,155,78,103,27,34.6,9.60000000000002,105
124,155,82,107,30,14.6,14.6,105
110,159,98,76,24,7.08000000000002,8.08000000000002,114
106,161,108,123,38,6.32000000000002,5.32000000000001,121
115,148,94,63,15,25.76,17.76,101
120,169,100,112,35,37.28,29.28,118
126,165,102,83,21,49.8,15.8,102
120,181,112,136,44,41.72,12.72,137
107,146,90,64,17,36.52,7.52000000000001,94
102,143,92,72,22,15.16,6.16000000000001,102
119,158,96,107,30,4.96000000000002,-7.03999999999998,115
105,132,80,88,26,5.84000000000002,-8.15999999999998,100
97,150,92,69,19,4.00000000000002,20,99
125,146,80,92,28,6.52000000000003,-6.47999999999997,111
106,153,96,111,33,29.36,22.36,95
109,146,80,87,25,43.52,19.52,99
122,151,96,81,20,34.12,5.12000000000002,99
108,151,86,86,28,17.12,28.12,99
118,173,104,124,34,43.76,29.76,122
112,159,98,79,20,17.08,-2.91999999999998,104
110,141,86,78,25,3.92000000000002,22.92,103
128,171,114,106,34,18.52,4.52000000000002,123
95,150,92,72,18,16,12,110
114,167,104,103,29,13.04,-4.95999999999997,128
127,142,84,81,23,31.04,26.04,94
131,166,108,111,33,40.92,32.92,115
113,170,110,94,28,37.4,9.40000000000002,113
131,196,112,213,64,28.52,22.52,135
138,201,132,173,53,36.12,22.12,131
124,163,98,101,31,28.56,4.56000000000001,99
108,159,96,85,25,9.08000000000002,14.08,117
111,140,88,51,14,9.80000000000001,-3.19999999999999,103
112,151,88,77,22,18.12,23.12,102
135,180,102,122,34,30.6,13.6,117
119,158,80,87,23,40.96,20.96,108
120,161,86,110,28,21.32,8.32000000000001,112
109,164,92,114,25,27.68,1.68000000000001,122
102,149,108,70,19,30.88,16.88,108
103,146,84,70,21,22.52,13.52,105
117,160,78,75,23,32.2,10.2,109
127,162,100,152,45,9.44000000000002,16.44,119
113,164,104,144,44,21.68,8.68000000000002,113
111,156,92,94,27,15.72,3.72000000000001,118
104,129,84,86,25,32.48,17.48,84
107,130,76,71,18,48.6,9.60000000000002,84
122,161,96,103,29,25.32,19.32,104
113,152,86,59,15,26.24,29.24,96
118,155,84,68,19,2.60000000000002,-0.399999999999975,111
110,151,86,55,15,23.12,20.12,104
103,156,90,102,31,28.72,4.72000000000002,109
110,187,116,138,44,21.44,21.44,136
116,175,106,107,31,37,14,125
122,145,84,95,27,40.4,20.4,103
110,163,86,72,18,34.56,5.56000000000001,106
111,148,84,81,22,19.76,14.76,89
120,161,92,100,32,27.32,17.32,108
120,173,104,110,27,10.76,5.76000000000002,114
104,153,92,117,35,14.36,14.36,105
106,153,90,80,24,19.36,7.36000000000004,103
122,169,96,112,28,8.28000000000002,8.28000000000003,124
120,149,96,95,30,21.88,8.88000000000003,105
118,161,100,91,28,24.32,25.32,111
112,143,80,68,19,25.16,15.16,97
106,161,100,93,25,33.32,14.32,109
104,139,76,81,22,21.68,16.68,96
122,185,112,155,43,18.2,21.2,128
119,164,92,74,23,17.68,17.68,111
124,163,90,106,30,20.56,9.56000000000002,121
106,159,90,109,32,31.08,2.08000000000002,104
107,166,116,153,47,32.92,33.92,115
118,175,106,126,33,23,3.00000000000002,126
130,169,100,90,25,26.28,2.28000000000002,123
106,151,92,71,19,30.12,17.12,97
113,180,112,120,37,20.6,-5.39999999999997,126
111,172,108,116,32,40.64,5.64000000000003,115
107,138,86,67,19,12.56,21.56,97
113,164,102,127,41,24.68,13.68,104
120,145,80,54,13,41.4,8.40000000000002,99
126,155,100,91,28,11.6,-11.4,114
127,172,104,143,44,14.64,37.6400000000001,122
100,143,92,62,19,31.16,13.16,88
104,171,104,133,41,19.52,-0.479999999999967,121
125,154,90,87,25,29.48,40.48,98
133,178,108,144,38,43.36,40.36,114
113,160,96,103,32,23.2,16.2,108
133,182,108,145,40,15.84,9.84000000000003,126
136,175,112,145,45,8.00000000000002,-2.99999999999997,129
106,127,70,40,9,9.24000000000002,-6.75999999999998,86
139,170,110,117,31,15.4,25.4,124
116,147,90,58,19,-6.35999999999999,-1.35999999999999,110
120,149,80,69,21,15.88,6.88000000000003,106
119,152,90,60,20,16.24,14.24,101
114,151,88,104,29,32.12,6.12000000000002,99
120,167,98,76,21,25.04,15.04,114
131,148,74,74,22,41.76,18.76,98
128,185,114,124,33,4.20000000000002,18.2,127
105,154,88,95,30,16.48,0.48000000000002,112
112,139,90,96,27,0.680000000000018,10.68,102
116,139,84,59,16,13.68,4.68000000000002,98
118,145,86,103,31,20.4,28.4,101
122,171,110,115,33,27.52,4.52000000000002,110
113,152,86,107,35,24.24,34.24,106
99,156,96,89,23,22.72,11.72,111
117,160,98,92,27,36.2,25.2,112
97,136,72,95,27,16.32,4.32000000000001,105
132,175,110,130,35,50,26,117
110,149,90,89,25,25.88,10.88,100
129,152,86,83,24,19.24,6.24000000000002,106
108,161,106,106,35,17.32,0.320000000000031,109
97,136,76,74,19,22.32,16.32,87
117,154,90,74,22,18.48,32.48,98
99,150,98,92,29,33,10,105
116,163,92,128,32,-1.43999999999998,14.56,116
110,165,102,119,37,-6.19999999999998,-3.19999999999999,128
108,157,86,88,26,35.84,15.84,101
120,161,88,130,36,26.32,30.32,114
114,139,82,81,22,16.68,27.68,92
132,181,118,136,42,-1.27999999999997,-9.27999999999998,132
124,165,100,126,39,7.80000000000002,8.80000000000002,121
119,142,84,69,22,20.04,21.04,105
121,146,80,87,25,25.52,13.52,100
110,163,110,93,26,9.56000000000001,-8.43999999999997,116
106,163,98,106,29,50.56,18.56,109
120,135,76,69,18,24.2,20.2,103
110,161,88,105,34,13.32,2.32000000000002,104
103,148,80,68,22,16.76,2.76000000000002,101
120,153,98,82,25,10.36,11.36,106
124,173,104,158,45,15.76,15.76,123
110,155,94,85,23,19.6,13.6,103
121,152,80,95,25,11.24,1.24000000000003,106
94,149,88,86,22,35.88,14.88,106
111,156,94,72,24,16.72,18.72,115
138,177,108,140,41,16.24,10.24,137
118,163,106,111,29,27.56,33.56,110
102,159,92,98,31,13.08,11.08,108
116,159,106,97,30,39.08,20.08,105
127,168,102,107,33,38.16,9.16000000000002,111
115,160,98,104,24,14.2,9.20000000000001,119
109,158,88,126,39,25.96,24.96,102
142,165,90,111,34,-15.2,-20.2,127
108,163,100,114,33,29.56,22.56,113
126,173,106,171,50,34.76,23.76,113
111,150,88,66,17,22,20,103
111,160,104,90,29,40.2,3.20000000000001,104
113,146,92,92,26,13.52,21.52,89
119,176,104,120,35,2.12000000000002,12.12,131
137,180,104,139,35,21.6,10.6,122
113,152,92,70,17,39.24,9.24000000000001,95
113,150,86,120,35,47,33,87
121,178,116,137,45,17.36,5.36000000000002,122
122,157,106,127,40,23.84,20.84,109
114,149,84,87,20,16.88,10.88,104
108,181,110,150,48,39.72,11.72,120
118,163,104,97,35,1.56000000000001,-11.44,119
125,158,94,137,43,-1.03999999999998,6.96000000000001,115
127,174,110,118,38,-3.11999999999998,15.88,123
110,151,88,79,23,42.12,12.12,98
132,167,92,80,21,-8.95999999999998,-1.95999999999997,124
142,213,138,232,66,31.56,7.56000000000003,148
114,171,98,192,57,27.52,8.52000000000003,119
100,141,84,65,18,14.92,-0.0799999999999859,93
128,153,84,74,21,27.36,3.36000000000003,101
127,170,106,119,38,25.4,4.40000000000003,115
123,164,104,121,38,11.68,3.68000000000002,116
129,152,96,64,19,16.24,18.24,110
105,148,100,80,24,6.76000000000002,-2.23999999999998,107
112,165,106,105,28,14.8,11.8,106
102,137,90,90,30,21.44,17.44,98
118,153,88,74,21,6.36000000000002,-21.64,112
129,174,102,101,30,34.88,34.88,120
115,176,110,144,44,27.12,18.12,124
118,175,94,146,41,9.00000000000002,8.00000000000003,125
111,126,82,58,16,19.12,10.12,87
113,152,92,119,34,33.24,8.24000000000002,101
132,147,78,86,27,12.64,11.64,107
117,178,106,147,49,-0.639999999999982,-0.639999999999982,137
134,171,86,97,24,32.52,18.52,119
120,159,100,87,27,31.08,24.08,101
123,158,98,90,27,37.96,15.96,103
129,164,92,147,40,37.68,8.68000000000003,100
116,163,94,104,29,25.56,15.56,106
151,172,100,107,31,28.64,39.64,123
118,161,98,115,32,12.32,4.32000000000002,115
103,146,86,88,30,27.52,20.52,103
114,169,110,117,33,23.28,4.28000000000003,114
125,154,82,79,25,22.48,20.48,103
104,155,102,92,28,30.6,12.6,107
97,142,78,69,20,23.04,9.04000000000002,95
116,151,90,72,19,2.12000000000001,2.12000000000001,103
138,161,98,85,26,-0.679999999999986,-6.67999999999999,109
116,161,80,92,27,4.32000000000001,-8.67999999999998,114
129,160,96,85,25,19.2,18.2,119
128,155,92,90,26,-4.39999999999998,-4.39999999999998,106
106,167,94,98,26,28.04,37.04,110
116,169,116,113,36,38.28,37.28,117
102,157,90,112,34,34.84,-1.15999999999998,108
123,154,86,89,23,43.48,21.48,103
113,156,92,95,28,33.72,-2.27999999999998,114
108,133,66,45,15,5.96000000000001,-5.03999999999998,98
119,156,92,76,21,-0.279999999999982,0.720000000000023,108
102,151,86,72,21,15.12,-8.87999999999998,105
98,149,88,85,24,19.88,23.88,99
107,164,102,111,31,27.68,18.68,111
109,146,86,64,17,17.52,4.52000000000003,107
117,178,112,160,48,22.36,-3.63999999999998,124
116,155,90,81,21,16.6,-4.39999999999999,108
124,153,92,91,27,21.36,13.36,104
108,167,112,137,43,-4.95999999999998,-5.95999999999998,127
95,138,72,72,22,4.56000000000002,12.56,100
106,147,86,82,21,3.64000000000002,-15.36,105
94,145,88,73,22,4.40000000000001,-7.59999999999998,102
116,167,106,137,39,35.04,32.04,98
97,138,84,68,21,23.56,13.56,89
112,137,70,60,18,-0.559999999999985,7.44000000000001,85
126,151,92,49,15,21.12,3.12000000000002,101
119,164,108,111,35,32.68,1.68000000000003,111
109,160,92,124,32,10.2,17.2,116
101,136,88,59,16,21.32,10.32,96
104,147,90,84,27,37.64,19.64,103
100,139,94,52,14,15.68,11.68,101
117,146,84,92,26,27.52,28.52,101
121,166,108,98,32,1.92000000000002,15.92,120
132,165,90,81,19,20.8,26.8,102
126,155,86,92,28,34.6,20.6,108
119,170,98,151,41,7.40000000000002,6.40000000000002,118
94,157,100,115,36,10.84,-8.15999999999998,116
122,145,84,73,20,17.4,-0.599999999999966,101
109,150,100,88,27,23,34,101
109,174,112,136,44,49.88,30.88,112
107,150,92,97,24,25,24,97
127,168,94,85,29,35.16,27.16,116
128,155,82,102,27,26.6,4.60000000000002,107
136,161,90,97,28,15.32,15.32,99
125,156,84,74,18,29.72,13.72,108
109,148,84,68,19,15.76,45.76,99
140,149,90,95,25,19.88,29.88,97
128,157,86,83,19,28.84,13.84,110
121,154,98,107,33,27.48,3.48000000000003,110
129,158,88,80,22,5.96000000000002,29.96,113
119,160,98,109,37,35.2,17.2,113
107,140,72,57,16,16.8,7.80000000000001,95
118,169,110,96,32,25.28,8.28000000000002,118
135,164,92,69,15,-2.31999999999998,-10.32,121
115,160,104,122,35,26.2,9.20000000000002,109
109,144,94,95,31,23.28,5.28000000000002,102
102,153,94,87,28,32.36,12.36,100
110,143,90,85,24,31.16,9.16000000000003,94
124,157,88,102,31,37.84,6.84000000000002,106
97,150,94,109,34,19,20,102
110,179,112,150,40,24.48,16.48,114
124,133,72,46,13,7.96000000000002,6.96000000000003,95
115,166,90,107,28,20.92,16.92,112
95,146,78,65,21,24.52,15.52,93
107,180,104,162,52,46.6,29.6,114
123,182,116,128,39,51.84,21.84,130
94,141,78,58,16,2.92000000000001,-14.08,103
120,159,92,69,19,23.08,5.08000000000002,107
116,149,74,92,25,38.88,21.88,95
141,182,110,169,53,34.84,8.84000000000003,121
93,142,94,65,19,20.04,4.04000000000002,103
124,173,92,98,29,21.76,26.76,116
126,173,98,154,44,30.76,21.76,121
115,160,98,58,17,5.20000000000002,-0.799999999999986,115
121,174,104,111,32,13.88,-3.11999999999999,115
129,158,90,141,41,22.96,22.96,100
118,147,88,79,23,15.64,13.64,101
115,164,106,94,31,7.68000000000002,9.68000000000001,115
123,156,88,86,27,56.72,28.72,89
112,147,92,106,33,14.64,9.64000000000001,104
122,171,92,106,27,6.52000000000002,-12.48,125
108,165,94,110,27,46.8,31.8,110
102,145,96,80,24,20.4,17.4,105
110,141,66,61,18,12.92,4.92000000000002,102
112,149,88,104,29,23.88,33.88,95
116,159,88,87,18,21.08,29.08,110
121,156,92,79,27,18.72,13.72,104
106,153,84,91,24,28.36,25.36,94
114,163,100,129,35,-3.43999999999998,0.560000000000014,119
100,155,90,83,22,23.6,21.6,103
112,149,84,82,25,16.88,11.88,99
116,189,122,151,43,14.68,12.68,133
130,169,102,118,35,41.28,32.28,112
120,155,88,75,18,18.6,28.6,103
110,155,92,122,38,6.60000000000001,-13.4,120
108,159,106,96,30,26.08,25.08,101
113,152,98,94,28,27.24,5.24000000000001,109
102,161,100,98,29,14.32,15.32,108
143,180,104,139,37,30.6,5.60000000000002,125
97,156,104,82,24,19.72,9.72000000000001,121
102,135,74,59,17,18.2,2.20000000000002,93
106,157,104,86,22,10.84,13.84,115
101,142,92,76,23,17.04,8.04000000000002,97
145,144,88,67,21,16.28,6.28000000000003,102
109,152,94,95,28,30.24,23.24,105
119,166,108,123,38,18.92,-7.07999999999998,117
131,170,102,100,30,-10.6,-8.59999999999998,131
120,165,96,118,31,23.8,21.8,115
116,175,114,139,41,31,24,116
95,142,92,99,32,33.04,8.04000000000001,95
121,190,110,163,44,27.8,-0.199999999999981,131
145,194,104,143,39,12.28,28.28,129
111,150,86,99,28,3.00000000000002,-6.99999999999998,113
114,147,76,85,22,28.64,38.64,93
109,166,98,140,42,7.92000000000002,12.92,117
125,172,104,137,40,22.64,17.64,116
112,147,82,65,21,19.64,34.64,91
124,153,98,89,28,24.36,11.36,101
121,142,88,78,23,7.04000000000002,0.0400000000000125,108
104,165,104,92,30,24.8,7.80000000000001,105
113,154,78,63,17,15.48,-4.51999999999998,116
99,166,106,124,31,8.92000000000002,14.92,113
126,159,90,80,24,14.08,-3.91999999999998,114
118,155,90,76,20,13.6,-5.39999999999997,115
121,172,88,104,27,19.64,-16.36,118
123,176,98,121,32,-5.87999999999998,-1.87999999999998,127
111,148,82,89,26,21.76,-1.23999999999997,109
113,162,96,133,42,3.44000000000002,20.44,115
119,144,84,52,15,10.28,-1.71999999999998,103
129,168,110,108,33,3.16000000000002,10.16,127
112,145,80,68,18,-7.59999999999998,-8.59999999999998,108
121,166,104,114,36,2.92000000000001,11.92,122
129,170,114,101,34,-8.59999999999998,3.40000000000002,128
115,152,82,80,24,0.240000000000017,-2.75999999999998,118
146,189,96,136,33,20.68,22.68,122
132,145,82,41,15,9.40000000000001,0.400000000000003,105
116,159,96,122,38,1.08000000000002,-6.91999999999997,122
111,160,92,92,23,18.2,7.20000000000001,103
133,168,92,115,33,28.16,-2.83999999999997,112
103,168,96,91,28,2.16000000000002,-0.839999999999979,121
139,182,112,149,47,50.84,31.84,117
125,162,100,93,26,25.44,10.44,116
92,157,102,127,39,0.840000000000017,-8.15999999999998,118
117,132,72,46,13,13.84,21.84,87
100,153,96,113,33,6.36000000000001,10.36,111
121,174,110,117,34,22.88,14.88,124
126,183,106,130,39,40.96,26.96,121
118,165,98,119,34,0.800000000000024,9.80000000000002,122
110,135,72,47,13,9.20000000000001,4.20000000000001,99
119,180,108,114,35,33.6,8.60000000000002,118
128,179,104,137,40,21.48,17.48,120
101,144,84,89,26,6.28000000000001,2.28000000000001,104
108,161,100,84,24,33.32,10.32,110
124,151,92,121,40,30.12,17.12,101
119,144,80,67,21,13.28,-5.71999999999998,112
111,148,90,75,22,22.76,-1.23999999999998,105
110,163,98,101,28,29.56,13.56,114
118,145,86,62,17,26.4,12.4,100
115,136,74,54,18,14.32,5.32000000000001,94
121,130,68,42,16,-1.39999999999998,9.60000000000003,97
131,164,108,99,31,49.68,48.68,112
116,143,88,74,22,14.16,15.16,103
122,179,106,126,40,22.48,10.48,129
115,152,90,108,32,-5.75999999999998,-3.75999999999998,106
122,161,98,93,27,11.32,8.32000000000002,103
122,179,114,123,37,30.48,17.48,126
114,155,96,88,28,26.6,11.6,104
125,158,86,81,21,34.96,29.96,105
103,150,88,80,19,3.00000000000001,15,98
117,162,90,84,23,42.44,23.44,107
126,159,98,100,33,35.08,25.08,100
121,146,76,64,15,30.52,13.52,99
121,160,96,102,31,21.2,0.200000000000021,120
113,160,102,117,32,2.20000000000002,-5.79999999999999,123
114,165,92,114,31,-2.19999999999998,-8.19999999999998,116
102,151,84,65,17,39.12,9.12000000000002,94
117,160,94,128,35,36.2,15.2,110
126,169,94,138,41,45.28,24.28,110
105,146,84,75,23,20.52,3.52000000000003,107
103,136,70,51,16,21.32,14.32,98
116,147,98,86,28,21.64,10.64,104
114,149,76,98,26,38.88,7.88000000000002,105
102,155,102,119,40,12.6,-0.399999999999979,116
129,168,96,127,32,12.16,13.16,127
131,170,102,163,48,14.4,5.40000000000002,128
118,155,90,79,22,30.6,18.6,107
118,127,62,53,14,34.24,27.24,80
107,124,78,34,9,-13.12,-15.12,86
96,163,102,116,37,19.56,22.56,113
126,169,106,117,31,26.28,14.28,116
119,148,76,72,24,17.76,13.76,100
119,166,102,108,30,19.92,12.92,112
122,183,100,104,30,30.96,9.96000000000002,125
113,158,84,88,25,18.96,-5.03999999999998,113
131,160,104,137,39,19.2,10.2,118
120,141,84,72,21,4.92000000000001,2.92000000000002,105
105,148,84,86,27,19.76,11.76,102
93,154,106,83,24,25.48,11.48,104
118,155,88,80,21,23.6,6.60000000000001,105
136,181,114,128,37,48.72,27.72,129
105,152,88,84,23,24.24,16.24,108
116,151,90,105,30,26.12,27.12,99
117,178,112,129,38,23.36,9.36000000000003,129
112,159,108,130,38,20.08,14.08,116
110,159,96,111,31,52.08,34.08,91
124,173,110,105,32,21.76,-12.24,123
114,163,88,94,27,-0.439999999999984,12.56,111
118,169,94,91,25,30.28,1.28000000000003,120
136,177,98,135,35,20.24,4.24000000000003,123
105,180,114,129,35,7.60000000000002,-9.39999999999997,126
101,142,92,67,19,7.04000000000001,7.04000000000002,102
105,156,80,79,19,30.72,25.72,97
125,178,112,170,49,26.36,4.36000000000003,132
131,186,124,136,43,33.32,11.32,132
107,144,78,53,15,8.28000000000002,1.28000000000002,99
117,168,102,126,36,28.16,31.16,116
94,129,74,53,14,23.48,20.48,88
119,172,100,143,38,28.64,39.64,105
120,153,94,110,33,42.36,34.36,100
126,171,104,112,36,39.52,18.52,117
121,154,94,101,27,40.48,17.48,108
106,153,94,91,24,40.36,1.36000000000002,104
120,187,118,170,50,24.44,4.44000000000002,129
108,151,82,67,20,17.12,8.12000000000001,97
125,150,80,66,19,28,13,103
126,153,88,107,29,-16.64,-10.64,113
112,175,102,148,43,41,25,116
110,143,78,62,17,1.16000000000001,10.16,104
118,177,104,113,27,13.24,5.24000000000003,121
109,152,86,76,23,9.24000000000003,-3.75999999999998,105
116,145,76,72,20,17.4,18.4,103
105,154,100,81,25,22.48,19.48,100
112,159,98,97,31,-1.91999999999999,-4.91999999999999,117
113,162,98,85,22,31.44,4.44000000000001,115
150,179,116,149,47,41.48,23.48,129
114,181,108,107,31,34.72,16.72,119
108,161,98,103,31,15.32,14.32,107
120,167,96,133,43,14.04,10.04,119
107,160,94,96,27,15.2,19.2,114
119,174,98,94,24,-2.11999999999998,-24.12,128
119,160,84,89,24,42.2,22.2,118
113,142,78,70,21,9.04000000000001,0.0400000000000142,100
123,166,98,126,36,22.92,28.92,105
117,154,86,84,24,26.48,5.48000000000002,102
97,128,74,86,27,10.36,-4.63999999999998,87
135,180,108,140,40,-18.4,-7.39999999999998,137
121,160,100,95,25,11.2,5.20000000000002,104
107,148,78,77,18,7.76000000000001,16.76,104
104,155,98,89,31,33.6,22.6,108
125,144,88,75,22,32.28,12.28,100
111,150,88,82,22,12,-9.99999999999998,108
121,152,90,90,27,26.24,19.24,92
119,160,90,110,28,30.2,10.2,111
110,153,92,77,25,12.36,14.36,112
127,180,120,131,38,34.6,30.6,123
111,148,96,45,15,7.76000000000002,17.76,105
124,169,96,109,27,16.28,24.28,115
106,163,96,124,36,4.56000000000002,6.56000000000002,118
112,171,100,144,41,18.52,5.52000000000002,123
99,130,72,54,17,22.6,-3.39999999999998,93
112,151,96,126,39,-1.87999999999998,-2.87999999999998,113
129,178,108,106,29,17.36,17.36,121
101,150,98,114,35,13,13,104
128,181,118,126,39,21.72,40.72,110
124,157,90,58,14,15.84,3.84000000000002,107
138,173,106,107,31,29.76,-5.23999999999998,123
111,182,114,139,40,41.84,22.84,127
104,135,80,66,17,35.2,12.2,89
121,168,98,96,28,28.16,13.16,117
104,153,94,85,23,39.36,17.36,103
127,186,110,144,43,8.32000000000002,3.32000000000002,139
112,167,104,116,35,21.04,20.04,115
98,155,92,109,37,49.6,34.6,100
124,161,90,102,30,22.32,26.32,109
119,178,110,106,26,-0.639999999999981,-17.64,133
128,153,84,91,32,3.36000000000001,-7.63999999999998,114
104,157,96,99,27,-2.15999999999999,-11.16,111
107,154,90,113,35,42.48,15.48,101
105,162,102,93,28,24.44,3.44000000000001,109
134,179,94,121,34,26.48,1.48000000000003,119
130,161,92,121,36,24.32,0.32000000000003,108
134,175,106,134,39,32,32,111
118,171,110,98,27,9.52000000000002,-5.47999999999998,117
103,140,78,82,19,22.8,32.8,87
109,140,82,87,26,17.8,11.8,101
124,145,82,72,19,-6.59999999999998,-3.59999999999999,111
114,163,98,94,26,7.56000000000001,21.56,117
126,141,72,43,11,9.92000000000002,-8.07999999999997,100
124,153,90,92,29,-3.63999999999999,-3.63999999999999,117
120,155,90,115,31,23.6,32.6,109
126,153,80,61,21,7.36000000000002,0.360000000000022,108
125,156,96,118,38,33.72,29.72,104
111,138,82,72,20,10.56,10.56,100
103,140,84,93,30,6.80000000000001,-1.19999999999998,104
119,160,114,100,30,22.2,19.2,103
103,172,104,122,41,14.64,10.64,114
129,150,84,84,27,42,30,83
114,149,102,92,29,20.88,2.88000000000001,109
105,158,82,98,18,48.96,19.96,107
107,134,74,53,16,23.08,0.0800000000000125,93
111,172,94,98,29,8.64000000000001,-17.36,120
97,162,104,161,50,15.44,20.44,113
122,149,80,73,23,1.88000000000002,-10.12,102
119,168,92,111,27,19.16,23.16,119
141,208,144,195,56,24.96,-17.04,149
145,186,100,134,40,20.32,6.32000000000002,131
115,176,100,117,38,26.12,14.12,125
124,167,94,96,29,35.04,22.04,106
115,168,96,109,29,20.16,13.16,105
132,175,110,152,43,19,19,131
113,170,98,115,34,25.4,4.40000000000002,112
116,159,96,128,37,15.08,3.08000000000002,102
119,166,94,68,21,25.92,26.92,121
115,174,98,118,34,18.88,21.88,127
97,154,98,86,23,25.48,17.48,104
124,167,98,94,26,46.04,14.04,113
93,146,90,75,22,38.52,34.52,92
126,171,108,127,39,13.52,2.52000000000003,122
115,140,80,73,20,20.8,7.80000000000002,101
117,160,104,127,37,35.2,9.20000000000002,107
98,145,90,127,39,23.4,8.40000000000002,105
112,147,86,84,24,13.64,40.64,91
120,131,70,52,19,-6.27999999999999,-6.27999999999998,99
118,165,116,130,39,7.80000000000001,24.8,124
119,138,76,61,20,29.56,26.56,93
120,167,102,108,31,29.04,7.04000000000001,123
118,149,84,84,26,-11.12,1.88000000000003,108
108,155,92,65,18,39.6,39.6,95
118,169,106,133,41,11.28,2.28000000000002,127
129,176,100,126,31,13.12,-18.88,131
122,149,78,75,23,25.88,15.88,99
118,179,106,119,33,24.48,18.48,115
113,164,94,131,36,21.68,8.68000000000002,118
116,143,90,56,15,24.16,2.16000000000002,103
110,169,102,103,26,57.28,12.28,108
123,162,102,114,33,35.44,25.44,113
115,136,72,64,15,20.32,20.32,86
95,152,90,122,38,61.24,32.24,93
122,175,108,115,32,21,24,114
113,162,98,98,29,27.44,16.44,115
126,161,88,79,18,12.32,10.32,116
110,137,76,51,14,10.44,6.44000000000002,98
131,166,96,152,41,11.92,-3.07999999999998,133
112,153,90,93,29,19.36,23.36,111
113,166,96,139,39,10.92,1.92000000000002,120
106,137,72,84,22,19.44,10.44,97
114,161,102,95,25,8.32000000000002,11.32,117
121,158,90,95,31,23.96,20.96,105
106,161,92,89,24,38.32,9.32000000000002,112
125,168,102,85,23,23.16,-0.839999999999978,111
116,159,94,102,32,21.08,30.08,107
115,178,108,99,28,36.36,6.36000000000001,122
128,199,128,247,73,24.88,11.88,144
123,132,68,57,11,28.84,23.84,88
108,163,98,124,41,23.56,22.56,119
122,147,94,75,24,10.64,5.64000000000001,109
118,165,108,128,38,19.8,12.8,112
122,143,82,75,21,16.16,8.16000000000001,101
122,161,100,93,27,39.32,37.32,100
119,160,98,133,42,20.2,21.2,116
113,152,94,92,28,14.24,13.24,104
113,156,96,113,27,3.72000000000002,-1.27999999999998,121
114,157,94,83,22,15.84,9.84000000000002,119
121,180,120,128,36,17.6,37.6,129
110,157,94,92,26,-11.16,1.84000000000001,110
107,158,102,87,25,19.96,14.96,111
130,171,98,100,27,19.52,3.52000000000003,117
107,136,76,77,22,16.32,20.32,99
106,157,100,99,30,21.84,18.84,104
102,143,74,66,16,-1.83999999999998,-2.83999999999998,100
146,203,134,215,68,28.36,2.36000000000003,148
109,150,80,77,16,5.00000000000001,8.00000000000005,109
108,177,114,164,45,1.24000000000002,-2.75999999999998,128
120,161,104,95,29,29.32,13.32,103
104,143,84,65,20,8.16000000000002,7.16000000000002,101
124,143,86,30,12,25.16,12.16,98
107,162,98,118,35,-2.55999999999998,-0.559999999999987,110
117,146,80,84,24,5.52000000000002,15.52,108
112,159,92,88,27,6.08000000000002,7.08000000000002,117
96,139,84,64,20,20.68,24.68,95
93,130,78,57,18,17.6,-9.39999999999999,96
111,138,88,66,20,21.56,16.56,97
136,181,114,126,36,12.72,5.72000000000003,121
121,158,92,65,16,11.96,21.96,106
114,143,94,69,21,52.16,31.16,96
124,171,108,143,40,12.52,6.52000000000003,118
121,170,106,127,39,9.40000000000002,11.4,127
120,151,90,92,28,24.12,30.12,100
109,162,92,118,35,11.44,-3.55999999999999,117
120,167,104,132,40,26.04,-0.959999999999978,107
99,136,70,63,25,14.32,-0.679999999999988,95
112,159,98,121,34,46.08,31.08,99
119,172,106,108,33,7.64000000000002,-5.35999999999997,119
112,157,88,93,27,25.84,5.84000000000004,109
118,159,98,111,35,36.08,20.08,107
101,158,100,102,32,16.96,28.96,109
98,119,66,32,9,27.28,4.28000000000001,85
105,132,78,32,10,11.84,-1.15999999999998,90
103,160,102,80,21,-0.799999999999986,-10.8,119
106,169,108,109,34,34.28,11.28,116
110,139,78,49,13,22.68,26.68,98
102,157,104,95,27,6.84000000000003,-5.15999999999997,122
117,142,88,45,10,39.04,6.04000000000002,93
119,154,78,72,21,12.48,20.48,99
119,174,100,109,33,28.88,23.88,114
113,148,92,70,23,15.76,18.76,102
105,154,102,107,30,17.48,26.48,105
110,143,84,82,29,16.16,7.16000000000001,103
111,174,108,124,43,31.88,20.88,114
113,150,94,78,24,1.00000000000002,-13,108
106,145,74,73,19,38.4,-4.59999999999999,101
125,180,102,152,41,39.6,21.6,118
117,170,104,105,32,6.40000000000002,6.40000000000003,124
115,152,104,80,22,33.24,12.24,110
93,154,96,105,30,1.48000000000002,-3.51999999999998,119
98,139,76,66,17,41.68,6.68000000000002,91
102,157,90,108,32,1.84000000000002,1.84000000000002,114
130,175,92,108,26,32,16,118
123,182,108,136,39,13.84,11.84,129
108,175,112,135,46,19,15,125
108,139,82,81,20,4.68000000000001,3.68000000000002,93
119,174,92,111,31,31.88,11.88,119
120,143,82,78,23,52.16,34.16,91
101,126,70,55,12,12.12,20.12,89
106,161,88,82,19,4.32000000000002,-4.67999999999998,111
117,130,78,63,17,13.6,5.60000000000001,97
118,153,78,75,20,23.36,4.36000000000002,99
132,145,90,63,17,34.4,17.4,107
101,132,76,60,18,21.84,10.84,90
105,148,90,98,30,25.76,26.76,103
114,163,96,107,34,21.56,8.56000000000002,106
116,153,80,69,20,5.36000000000002,3.36000000000002,113
96,141,86,73,23,19.92,3.92000000000002,97
114,177,118,148,44,4.24000000000002,-11.76,127
102,157,90,94,27,41.84,26.84,104
127,188,110,125,36,17.56,19.56,134
138,177,100,104,28,20.24,2.24000000000003,115
119,172,104,169,46,24.64,-21.36,116
121,154,98,82,27,10.48,2.48000000000002,113
115,152,88,63,18,22.24,19.24,104
117,170,92,104,27,33.4,4.40000000000003,115
118,143,88,77,24,19.16,22.16,98
116,157,92,118,30,12.84,11.84,114
123,152,82,70,23,2.24000000000002,-7.75999999999998,105
119,154,88,123,36,22.48,32.48,110
118,153,78,91,26,42.36,33.36,99
121,170,106,92,28,8.40000000000001,10.4,120
113,144,92,86,21,10.28,29.28,96
114,179,108,163,51,37.48,20.48,131
123,170,114,155,45,39.4,44.4,111
119,170,98,97,25,-11.6,-0.599999999999981,130
132,169,104,117,34,23.28,-2.71999999999998,117
117,148,88,105,29,28.76,23.76,90
111,154,92,53,16,19.48,3.48000000000002,109
118,153,90,106,32,14.36,7.36000000000002,101
116,161,108,119,39,16.32,20.32,115
115,156,90,74,21,-0.279999999999985,3.72000000000001,105
134,191,116,205,67,10.92,15.92,138
117,144,82,62,16,21.28,-3.71999999999998,101
130,175,110,144,43,6.00000000000002,1.00000000000003,126
114,169,98,119,34,29.28,26.28,113
143,162,98,148,48,21.44,25.44,115
120,177,108,166,50,36.24,32.24,127
116,165,100,134,37,21.8,9.80000000000002,113
115,148,94,97,29,22.76,2.76000000000001,106
119,160,82,79,21,0.200000000000015,-4.79999999999998,118
128,169,104,151,45,9.28000000000002,-7.71999999999998,124
105,140,82,71,19,7.80000000000002,8.80000000000001,98
116,171,92,96,26,40.52,19.52,111
113,162,108,94,27,40.44,29.44,103
117,130,78,45,17,2.60000000000002,1.60000000000002,95
120,159,108,88,26,15.08,4.08000000000001,105
116,169,106,136,35,48.28,30.28,108
122,169,92,91,24,22.28,12.28,121
116,169,94,108,27,19.28,-0.719999999999976,119
113,152,96,79,24,24.24,16.24,103
119,168,104,94,27,26.16,-1.83999999999997,110
133,152,88,85,26,7.24000000000001,-11.76,103
102,167,92,129,39,18.04,15.04,110
99,146,90,98,29,43.52,12.52,99
106,141,84,85,26,-7.07999999999998,-6.07999999999998,104
115,164,104,82,21,24.68,-3.31999999999998,117
118,171,102,139,39,39.52,12.52,111
116,173,114,151,47,12.76,8.76000000000003,125
148,173,104,79,21,37.76,26.76,113
118,169,116,127,40,-3.71999999999998,-19.72,127
116,165,88,76,18,38.8,8.80000000000002,103
124,141,66,55,15,13.92,-8.07999999999998,110
121,176,106,120,35,30.12,14.12,123
131,154,94,51,12,2.48000000000002,9.48000000000003,104
117,164,94,88,28,5.68000000000002,5.68000000000003,115
108,171,120,138,42,30.52,20.52,114
120,153,96,104,34,37.36,21.36,107
102,155,102,77,26,16.6,0.600000000000012,110
126,163,104,147,45,4.56000000000003,0.560000000000036,114
108,149,96,75,19,29.88,7.88000000000002,93
120,167,110,138,40,25.04,22.0400000000001,107
99,162,98,127,37,12.44,18.44,108
124,159,92,104,31,6.08000000000002,24.08,104
112,159,92,66,16,16.08,17.08,95
108,129,74,55,13,10.48,-5.51999999999999,94
127,172,84,98,20,1.64000000000002,-3.35999999999997,122
114,157,98,74,17,8.84000000000001,14.84,111
116,143,84,74,19,30.16,10.16,102
112,155,92,99,32,29.6,-0.399999999999979,104
117,134,82,78,22,11.08,-6.91999999999998,95
120,175,106,106,33,28,36,106
114,161,104,100,28,33.32,49.32,111
134,155,96,101,37,25.6,30.6,97
127,150,96,76,25,26,14,99
91,144,74,91,20,18.28,13.28,100
116,165,106,82,25,4.80000000000001,3.80000000000002,111
120,151,94,85,24,47.12,40.12,96
111,152,74,88,21,26.24,10.24,107
136,171,102,130,42,38.52,23.52,121
115,146,78,67,20,18.52,9.52000000000002,99
138,161,84,118,34,39.32,24.32,109
113,178,108,130,39,-3.63999999999997,11.36,128
129,184,98,149,42,24.08,11.08,118
108,163,110,128,41,13.56,10.56,114
109,150,90,83,27,7.00000000000001,-1.99999999999997,109
114,195,118,166,47,16.4,0.400000000000037,138
104,155,96,99,26,3.60000000000001,3.60000000000001,106
100,153,86,111,31,0.360000000000023,0.360000000000016,109
116,165,108,133,37,7.80000000000002,12.8,123
113,140,78,92,27,13.8,29.8,101
109,160,94,142,37,10.2,19.2,114
128,183,108,163,42,8.96000000000002,17.96,122
106,157,86,84,20,25.84,20.84,109
128,171,110,98,32,39.52,8.52000000000002,112
113,138,72,48,14,4.56000000000002,-0.439999999999984,93
123,154,92,89,28,35.48,33.48,85
116,175,106,110,30,19,-5.99999999999997,118
119,174,104,124,38,6.88000000000002,-7.11999999999998,135
112,159,108,131,39,21.08,27.08,111
130,149,92,68,23,18.88,7.88000000000003,109
123,154,100,103,35,33.48,3.48000000000002,101
112,169,110,121,40,24.28,10.28,120
